ISO-10303-21;
HEADER;
FILE_DESCRIPTION (( 'STEP AP203' ),
    '1' );
FILE_NAME ('转接板.STEP',
    '2025-05-31T05:38:10',
    ( 'Windows User' ),
    ( 'P R C' ),
    'SwSTEP 2.0',
    'SolidWorks 2022',
    '' );
FILE_SCHEMA (( 'CONFIG_CONTROL_DESIGN' ));
ENDSEC;

DATA;
#1 = CIRCLE ( 'NONE', #614, 3.750000000000000000 ) ;
#2 = VECTOR ( 'NONE', #1659, 1000.000000000000000 ) ;
#3 = DIRECTION ( 'NONE',  ( -0.000000000000000000, 1.000000000000000000, -0.000000000000000000 ) ) ;
#4 = ORIENTED_EDGE ( 'NONE', *, *, #858, .T. ) ;
#5 = VERTEX_POINT ( 'NONE', #57 ) ;
#6 = CIRCLE ( 'NONE', #3051, 3.750000000000000000 ) ;
#7 = EDGE_CURVE ( 'NONE', #2921, #753, #3367, .T. ) ;
#8 = ORIENTED_EDGE ( 'NONE', *, *, #1238, .F. ) ;
#9 = CARTESIAN_POINT ( 'NONE',  ( -22.06499999999999773, 12.49999999999999645, 26.86978035914409091 ) ) ;
#10 = LINE ( 'NONE', #1056, #2141 ) ;
#11 = CARTESIAN_POINT ( 'NONE',  ( 31.75000000000000000, 17.49999999999999645, 35.70000000000000284 ) ) ;
#12 = CIRCLE ( 'NONE', #2575, 3.750000000000003553 ) ;
#13 = AXIS2_PLACEMENT_3D ( 'NONE', #2411, #2633, #1042 ) ;
#14 = ORIENTED_EDGE ( 'NONE', *, *, #2736, .F. ) ;
#15 = DIRECTION ( 'NONE',  ( 0.000000000000000000, 0.000000000000000000, -1.000000000000000000 ) ) ;
#16 = PLANE ( 'NONE',  #2733 ) ;
#17 = DIRECTION ( 'NONE',  ( 1.000000000000000000, 0.000000000000000000, 0.000000000000000000 ) ) ;
#18 = VECTOR ( 'NONE', #2491, 1000.000000000000000 ) ;
#19 = DIRECTION ( 'NONE',  ( -1.000000000000000000, 0.000000000000000000, -9.084700057485244233E-17 ) ) ;
#20 = CARTESIAN_POINT ( 'NONE',  ( -1.749999999999999778, 15.00000000000000000, -42.79999999999999005 ) ) ;
#21 = CARTESIAN_POINT ( 'NONE',  ( -17.62500000000000000, 12.49999999999999645, 27.09795330843900985 ) ) ;
#22 = DIRECTION ( 'NONE',  ( 0.000000000000000000, 1.000000000000000000, 0.000000000000000000 ) ) ;
#23 = DIRECTION ( 'NONE',  ( 0.000000000000000000, 1.000000000000000000, -0.000000000000000000 ) ) ;
#24 = VERTEX_POINT ( 'NONE', #2115 ) ;
#25 = ADVANCED_FACE ( 'NONE', ( #1841 ), #2851, .T. ) ;
#26 = ORIENTED_EDGE ( 'NONE', *, *, #850, .F. ) ;
#27 = EDGE_CURVE ( 'NONE', #564, #1532, #3152, .T. ) ;
#28 = ORIENTED_EDGE ( 'NONE', *, *, #1733, .F. ) ;
#29 = FACE_OUTER_BOUND ( 'NONE', #2150, .T. ) ;
#30 = CARTESIAN_POINT ( 'NONE',  ( -9.684999999999998721, 15.00000000000000000, -42.79999999999999005 ) ) ;
#31 = LINE ( 'NONE', #524, #1636 ) ;
#32 = ORIENTED_EDGE ( 'NONE', *, *, #90, .F. ) ;
#33 = PLANE ( 'NONE',  #2058 ) ;
#34 = DIRECTION ( 'NONE',  ( 0.000000000000000000, 1.000000000000000000, -0.000000000000000000 ) ) ;
#35 = CARTESIAN_POINT ( 'NONE',  ( 33.50000000000000711, 17.49999999999999645, 42.80000000000000426 ) ) ;
#36 = EDGE_CURVE ( 'NONE', #1363, #1949, #1100, .T. ) ;
#37 = CARTESIAN_POINT ( 'NONE',  ( 20.00000000000000000, 17.49999999999999645, -26.24999999999998934 ) ) ;
#38 = FACE_OUTER_BOUND ( 'NONE', #2010, .T. ) ;
#39 = CARTESIAN_POINT ( 'NONE',  ( 0.000000000000000000, 17.49999999999999645, 0.000000000000000000 ) ) ;
#40 = CARTESIAN_POINT ( 'NONE',  ( 25.56499999999999773, 17.49999999999999645, 0.000000000000000000 ) ) ;
#41 = ADVANCED_BREP_SHAPE_REPRESENTATION ( '\X2\8f6c63a5677f\X0\', ( #3248, #213 ), #1411 ) ;
#42 = CARTESIAN_POINT ( 'NONE',  ( 30.00000000000000000, 7.499999999999998224, 39.01662479035540088 ) ) ;
#43 = EDGE_LOOP ( 'NONE', ( #2016, #186, #2908, #916 ) ) ;
#44 = ORIENTED_EDGE ( 'NONE', *, *, #1385, .F. ) ;
#45 = EDGE_CURVE ( 'NONE', #1390, #1657, #298, .T. ) ;
#46 = DIRECTION ( 'NONE',  ( -0.000000000000000000, -1.000000000000000000, -0.000000000000000000 ) ) ;
#47 = LINE ( 'NONE', #587, #624 ) ;
#48 = CARTESIAN_POINT ( 'NONE',  ( 30.00000000000000000, 17.49999999999999645, 42.80000000000000426 ) ) ;
#49 = ADVANCED_FACE ( 'NONE', ( #2886 ), #2616, .T. ) ;
#50 = ORIENTED_EDGE ( 'NONE', *, *, #2237, .T. ) ;
#51 = EDGE_CURVE ( 'NONE', #2945, #2350, #516, .T. ) ;
#52 = DIRECTION ( 'NONE',  ( 0.000000000000000000, 0.000000000000000000, -1.000000000000000000 ) ) ;
#53 = CARTESIAN_POINT ( 'NONE',  ( 20.00000000000000000, 17.49999999999999645, 29.99999999999998934 ) ) ;
#54 = PERSON_AND_ORGANIZATION_ROLE ( 'design_owner' ) ;
#55 = CARTESIAN_POINT ( 'NONE',  ( -25.56500000000000483, 17.49999999999999645, -37.09958743065784148 ) ) ;
#56 = DIRECTION ( 'NONE',  ( 0.000000000000000000, 1.000000000000000000, 0.000000000000000000 ) ) ;
#57 = CARTESIAN_POINT ( 'NONE',  ( 25.56499999999999773, 17.49999999999999645, -42.79999999999999005 ) ) ;
#58 = CARTESIAN_POINT ( 'NONE',  ( 38.18999999999999062, 15.00000000000000000, 42.79999999999999716 ) ) ;
#59 = CARTESIAN_POINT ( 'NONE',  ( -6.184999999999997833, 17.49999999999999645, 42.80000000000000426 ) ) ;
#60 = EDGE_LOOP ( 'NONE', ( #1653, #2088, #519, #2816, #386, #1541, #1152, #2042 ) ) ;
#61 = VECTOR ( 'NONE', #1101, 1000.000000000000000 ) ;
#62 = ORIENTED_EDGE ( 'NONE', *, *, #801, .T. ) ;
#63 = DIRECTION ( 'NONE',  ( 0.000000000000000000, 1.000000000000000000, 0.000000000000000000 ) ) ;
#64 = CARTESIAN_POINT ( 'NONE',  ( -30.00000000000000000, 17.49999999999999645, 0.000000000000000000 ) ) ;
#65 = DIRECTION ( 'NONE',  ( -0.000000000000000000, 1.000000000000000000, -0.000000000000000000 ) ) ;
#66 = VECTOR ( 'NONE', #3285, 1000.000000000000000 ) ;
#67 = ADVANCED_FACE ( 'NONE', ( #3118 ), #1805, .T. ) ;
#68 = ORIENTED_EDGE ( 'NONE', *, *, #1156, .T. ) ;
#69 = VECTOR ( 'NONE', #1015, 1000.000000000000000 ) ;
#70 = DIRECTION ( 'NONE',  ( 0.000000000000000000, 0.000000000000000000, 1.000000000000000000 ) ) ;
#71 = DIRECTION ( 'NONE',  ( 0.000000000000000000, 0.000000000000000000, 1.000000000000000000 ) ) ;
#72 = EDGE_CURVE ( 'NONE', #2328, #2292, #2597, .T. ) ;
#73 = AXIS2_PLACEMENT_3D ( 'NONE', #3134, #1588, #1081 ) ;
#74 = CARTESIAN_POINT ( 'NONE',  ( 22.06500000000000483, 15.00000000000000000, -42.79999999999998295 ) ) ;
#75 = AXIS2_PLACEMENT_3D ( 'NONE', #1860, #56, #577 ) ;
#76 = DIRECTION ( 'NONE',  ( 0.000000000000000000, 1.000000000000000000, 0.000000000000000000 ) ) ;
#77 = CARTESIAN_POINT ( 'NONE',  ( 20.00000000000000000, 0.000000000000000000, 32.25000000000000000 ) ) ;
#78 = DIRECTION ( 'NONE',  ( -1.000000000000000000, 0.000000000000000000, -9.084700057485244233E-17 ) ) ;
#79 = ADVANCED_FACE ( 'NONE', ( #2336 ), #2080, .F. ) ;
#80 = AXIS2_PLACEMENT_3D ( 'NONE', #673, #1705, #2746 ) ;
#81 = DIRECTION ( 'NONE',  ( 8.106184467181343233E-17, 0.000000000000000000, -1.000000000000000000 ) ) ;
#82 = EDGE_LOOP ( 'NONE', ( #2119, #655, #1561, #2989 ) ) ;
#83 = ORIENTED_EDGE ( 'NONE', *, *, #369, .F. ) ;
#84 = CARTESIAN_POINT ( 'NONE',  ( 27.77499999999999858, 17.49999999999999645, -30.31999999999998963 ) ) ;
#85 = CARTESIAN_POINT ( 'NONE',  ( -22.06499999999999773, 17.49999999999999645, 0.000000000000000000 ) ) ;
#86 = ORIENTED_EDGE ( 'NONE', *, *, #2836, .T. ) ;
#87 = DIRECTION ( 'NONE',  ( 0.000000000000000000, 0.000000000000000000, -1.000000000000000000 ) ) ;
#88 = APPLICATION_PROTOCOL_DEFINITION ( 'international standard', 'config_control_design', 1994, #2367 ) ;
#89 = ORIENTED_EDGE ( 'NONE', *, *, #1143, .T. ) ;
#90 = EDGE_CURVE ( 'NONE', #606, #163, #3172, .T. ) ;
#91 = DIRECTION ( 'NONE',  ( 0.000000000000000000, 1.000000000000000000, 0.000000000000000000 ) ) ;
#92 = CARTESIAN_POINT ( 'NONE',  ( 25.56499999999999773, 17.49999999999999645, 0.000000000000000000 ) ) ;
#93 = DIRECTION ( 'NONE',  ( 0.000000000000000000, 0.000000000000000000, 1.000000000000000000 ) ) ;
#94 = EDGE_LOOP ( 'NONE', ( #2387, #1190, #964, #3050 ) ) ;
#95 = EDGE_CURVE ( 'NONE', #1408, #200, #2868, .T. ) ;
#96 = DIRECTION ( 'NONE',  ( -0.000000000000000000, 1.000000000000000000, -0.000000000000000000 ) ) ;
#97 = EDGE_LOOP ( 'NONE', ( #3037, #2806, #562, #893, #2524, #1833, #471, #3297 ) ) ;
#98 = VERTEX_POINT ( 'NONE', #1569 ) ;
#99 = CARTESIAN_POINT ( 'NONE',  ( 20.00000000000000000, 12.49999999999999645, -29.99999999999999289 ) ) ;
#100 = ORIENTED_EDGE ( 'NONE', *, *, #525, .F. ) ;
#101 = CARTESIAN_POINT ( 'NONE',  ( -25.56500000000000483, 17.49999999999999645, -42.79999999999999005 ) ) ;
#102 = PERSON_AND_ORGANIZATION ( #282, #482 ) ;
#103 = VECTOR ( 'NONE', #2440, 1000.000000000000000 ) ;
#104 = EDGE_LOOP ( 'NONE', ( #1204, #1202, #2787, #1144 ) ) ;
#105 = DIRECTION ( 'NONE',  ( 1.000000000000000000, 0.000000000000000000, 9.084700057485244233E-17 ) ) ;
#106 = CARTESIAN_POINT ( 'NONE',  ( 0.000000000000000000, 17.49999999999999645, 0.000000000000000000 ) ) ;
#107 = DIRECTION ( 'NONE',  ( 0.000000000000000000, 1.000000000000000000, 0.000000000000000000 ) ) ;
#108 = ORIENTED_EDGE ( 'NONE', *, *, #1669, .T. ) ;
#109 = EDGE_CURVE ( 'NONE', #1666, #680, #2359, .T. ) ;
#110 = EDGE_CURVE ( 'NONE', #477, #1925, #2321, .T. ) ;
#111 = LINE ( 'NONE', #1933, #1267 ) ;
#112 = ORIENTED_EDGE ( 'NONE', *, *, #2857, .F. ) ;
#113 = ADVANCED_FACE ( 'NONE', ( #3189 ), #2700, .T. ) ;
#114 = EDGE_LOOP ( 'NONE', ( #814, #3255, #898, #1792, #2473, #417, #2677, #2255 ) ) ;
#115 = CIRCLE ( 'NONE', #826, 2.249999999999998668 ) ;
#116 = CARTESIAN_POINT ( 'NONE',  ( 3.888251624603683901E-15, 15.00000000000000000, -42.79999999999999005 ) ) ;
#117 = ADVANCED_FACE ( 'NONE', ( #398 ), #2431, .T. ) ;
#118 = AXIS2_PLACEMENT_3D ( 'NONE', #517, #1314, #953 ) ;
#119 = VERTEX_POINT ( 'NONE', #2941 ) ;
#120 = DIRECTION ( 'NONE',  ( -0.000000000000000000, 1.000000000000000000, -0.000000000000000000 ) ) ;
#121 = VECTOR ( 'NONE', #791, 1000.000000000000000 ) ;
#122 = DATE_AND_TIME ( #1414, #2710 ) ;
#123 = AXIS2_PLACEMENT_3D ( 'NONE', #513, #1800, #2864 ) ;
#124 = ORIENTED_EDGE ( 'NONE', *, *, #3290, .F. ) ;
#125 = DIRECTION ( 'NONE',  ( -0.000000000000000000, 1.000000000000000000, -0.000000000000000000 ) ) ;
#126 = DIRECTION ( 'NONE',  ( 0.000000000000000000, 0.000000000000000000, 1.000000000000000000 ) ) ;
#127 = CARTESIAN_POINT ( 'NONE',  ( 17.62499999999999645, 12.49999999999999645, 32.90204669156096173 ) ) ;
#128 = VECTOR ( 'NONE', #1406, 1000.000000000000000 ) ;
#129 = ORIENTED_EDGE ( 'NONE', *, *, #345, .T. ) ;
#130 = AXIS2_PLACEMENT_3D ( 'NONE', #2744, #76, #852 ) ;
#131 = LINE ( 'NONE', #2210, #452 ) ;
#132 = ORIENTED_EDGE ( 'NONE', *, *, #1198, .T. ) ;
#133 = AXIS2_PLACEMENT_3D ( 'NONE', #1214, #1278, #3030 ) ;
#134 = EDGE_CURVE ( 'NONE', #2758, #3124, #2413, .T. ) ;
#135 = CARTESIAN_POINT ( 'NONE',  ( 3.888251624603685478E-15, 17.49999999999999645, 42.80000000000000426 ) ) ;
#136 = ADVANCED_FACE ( 'NONE', ( #883 ), #2478, .F. ) ;
#137 = EDGE_LOOP ( 'NONE', ( #1128, #912, #1222, #231, #857 ) ) ;
#138 = CARTESIAN_POINT ( 'NONE',  ( 14.12500000000000355, 15.00000000000000000, 0.000000000000000000 ) ) ;
#139 = CARTESIAN_POINT ( 'NONE',  ( 6.184999999999996056, -70.67152385711368368, -42.79999999999999005 ) ) ;
#140 = VERTEX_POINT ( 'NONE', #1942 ) ;
#141 = CARTESIAN_POINT ( 'NONE',  ( -9.684999999999998721, -70.67152385711368368, 0.000000000000000000 ) ) ;
#142 = CARTESIAN_POINT ( 'NONE',  ( -25.56500000000000483, 17.49999999999999645, 0.000000000000000000 ) ) ;
#143 = CARTESIAN_POINT ( 'NONE',  ( 25.56499999999999773, 17.49999999999999645, -31.04041256934214132 ) ) ;
#144 = ORIENTED_EDGE ( 'NONE', *, *, #2802, .T. ) ;
#145 = CARTESIAN_POINT ( 'NONE',  ( -1.749999999999999778, 17.49999999999999645, -42.79999999999999005 ) ) ;
#146 = ORIENTED_EDGE ( 'NONE', *, *, #1219, .T. ) ;
#147 = LINE ( 'NONE', #874, #664 ) ;
#148 = ADVANCED_FACE ( 'NONE', ( #1625 ), #658, .F. ) ;
#149 = VERTEX_POINT ( 'NONE', #3220 ) ;
#150 = EDGE_CURVE ( 'NONE', #2735, #1363, #609, .T. ) ;
#151 = CARTESIAN_POINT ( 'NONE',  ( -38.18999999999999773, 15.00000000000000000, -42.79999999999999005 ) ) ;
#152 = CARTESIAN_POINT ( 'NONE',  ( 9.685000000000005826, 15.00000000000000000, 0.000000000000000000 ) ) ;
#153 = EDGE_CURVE ( 'NONE', #1598, #2537, #1642, .T. ) ;
#154 = ORIENTED_EDGE ( 'NONE', *, *, #2703, .T. ) ;
#155 = CARTESIAN_POINT ( 'NONE',  ( -20.00000000000000000, 0.000000000000000000, 30.00000000000001066 ) ) ;
#156 = DIRECTION ( 'NONE',  ( -0.000000000000000000, 1.000000000000000000, -0.000000000000000000 ) ) ;
#157 = PLANE ( 'NONE',  #2566 ) ;
#158 = ORIENTED_EDGE ( 'NONE', *, *, #703, .F. ) ;
#159 = CARTESIAN_POINT ( 'NONE',  ( -1.749999999999999778, 15.00000000000000000, 0.000000000000000000 ) ) ;
#160 = ORIENTED_EDGE ( 'NONE', *, *, #1753, .F. ) ;
#161 = AXIS2_PLACEMENT_3D ( 'NONE', #2874, #1341, #1088 ) ;
#162 = CARTESIAN_POINT ( 'NONE',  ( 3.888251624603685478E-15, 17.49999999999999645, 42.80000000000000426 ) ) ;
#163 = VERTEX_POINT ( 'NONE', #2924 ) ;
#164 = AXIS2_PLACEMENT_3D ( 'NONE', #1816, #3182, #2860 ) ;
#165 = ORIENTED_EDGE ( 'NONE', *, *, #697, .F. ) ;
#166 = LINE ( 'NONE', #2264, #1572 ) ;
#167 = FACE_OUTER_BOUND ( 'NONE', #2702, .T. ) ;
#168 = PERSON_AND_ORGANIZATION ( #282, #482 ) ;
#169 = VECTOR ( 'NONE', #902, 1000.000000000000000 ) ;
#170 = EDGE_LOOP ( 'NONE', ( #2104, #2502, #2064, #601, #2522, #1935 ) ) ;
#171 = AXIS2_PLACEMENT_3D ( 'NONE', #1672, #1370, #867 ) ;
#172 = CARTESIAN_POINT ( 'NONE',  ( -31.75000000000000000, 7.499999999999998224, 35.70000000000000284 ) ) ;
#173 = DIRECTION ( 'NONE',  ( 0.000000000000000000, 1.000000000000000000, 0.000000000000000000 ) ) ;
#174 = DIRECTION ( 'NONE',  ( -0.000000000000000000, 1.000000000000000000, -0.000000000000000000 ) ) ;
#175 = EDGE_CURVE ( 'NONE', #3353, #1725, #2951, .T. ) ;
#176 = EDGE_LOOP ( 'NONE', ( #1032, #304, #734, #3192, #585 ) ) ;
#177 = AXIS2_PLACEMENT_3D ( 'NONE', #1312, #1295, #3366 ) ;
#178 = CARTESIAN_POINT ( 'NONE',  ( -6.184999999999997833, 17.49999999999999645, -42.79999999999999005 ) ) ;
#179 = VERTEX_POINT ( 'NONE', #351 ) ;
#180 = EDGE_CURVE ( 'NONE', #2722, #680, #2569, .T. ) ;
#181 = VECTOR ( 'NONE', #1962, 1000.000000000000000 ) ;
#182 = ADVANCED_FACE ( 'NONE', ( #380 ), #901, .F. ) ;
#183 = DIRECTION ( 'NONE',  ( -0.000000000000000000, 1.000000000000000000, -0.000000000000000000 ) ) ;
#184 = CIRCLE ( 'NONE', #999, 3.750000000000000000 ) ;
#185 = ORIENTED_EDGE ( 'NONE', *, *, #2276, .F. ) ;
#186 = ORIENTED_EDGE ( 'NONE', *, *, #1857, .T. ) ;
#187 = DIRECTION ( 'NONE',  ( 0.000000000000000000, 0.000000000000000000, -1.000000000000000000 ) ) ;
#188 = LINE ( 'NONE', #3142, #1868 ) ;
#189 = ORIENTED_EDGE ( 'NONE', *, *, #682, .F. ) ;
#190 = PLANE ( 'NONE',  #133 ) ;
#191 = FACE_OUTER_BOUND ( 'NONE', #3013, .T. ) ;
#192 = CARTESIAN_POINT ( 'NONE',  ( -20.00000000000000000, 0.000000000000000000, -27.74999999999998934 ) ) ;
#193 = VERTEX_POINT ( 'NONE', #1186 ) ;
#194 = EDGE_CURVE ( 'NONE', #2600, #2783, #914, .T. ) ;
#195 = PLANE ( 'NONE',  #1217 ) ;
#196 = VERTEX_POINT ( 'NONE', #1402 ) ;
#197 = EDGE_CURVE ( 'NONE', #2052, #3279, #1417, .T. ) ;
#198 = CARTESIAN_POINT ( 'NONE',  ( -27.77499999999999858, 15.00000000000000000, -34.06999999999998607 ) ) ;
#199 = ORIENTED_EDGE ( 'NONE', *, *, #469, .T. ) ;
#200 = VERTEX_POINT ( 'NONE', #3253 ) ;
#201 = CARTESIAN_POINT ( 'NONE',  ( -20.00000000000000000, 0.000000000000000000, 32.25000000000000711 ) ) ;
#202 = CARTESIAN_POINT ( 'NONE',  ( -33.49999999999999289, 17.49999999999999645, 0.000000000000000000 ) ) ;
#203 = ORIENTED_EDGE ( 'NONE', *, *, #1487, .F. ) ;
#204 = DIRECTION ( 'NONE',  ( 0.000000000000000000, 1.000000000000000000, 0.000000000000000000 ) ) ;
#205 = DIRECTION ( 'NONE',  ( 0.000000000000000000, 0.000000000000000000, 1.000000000000000000 ) ) ;
#206 = CARTESIAN_POINT ( 'NONE',  ( -33.49999999999998579, 15.00000000000000000, 42.80000000000000426 ) ) ;
#207 = APPLICATION_CONTEXT ( 'configuration controlled 3d designs of mechanical parts and assemblies' ) ;
#208 = ORIENTED_EDGE ( 'NONE', *, *, #3247, .T. ) ;
#209 = DIRECTION ( 'NONE',  ( 0.000000000000000000, 0.000000000000000000, -1.000000000000000000 ) ) ;
#210 = ORIENTED_EDGE ( 'NONE', *, *, #197, .F. ) ;
#211 = AXIS2_PLACEMENT_3D ( 'NONE', #3158, #2325, #1302 ) ;
#212 = ADVANCED_FACE ( 'NONE', ( #1930 ), #595, .T. ) ;
#213 = AXIS2_PLACEMENT_3D ( 'NONE', #2112, #347, #1347 ) ;
#214 = EDGE_CURVE ( 'NONE', #2621, #1725, #257, .T. ) ;
#215 = EDGE_CURVE ( 'NONE', #98, #2588, #3238, .T. ) ;
#216 = ORIENTED_EDGE ( 'NONE', *, *, #825, .T. ) ;
#217 = VECTOR ( 'NONE', #2000, 1000.000000000000000 ) ;
#218 = EDGE_LOOP ( 'NONE', ( #2424, #749, #1454, #570, #2175, #1478, #401, #3303 ) ) ;
#219 = DIRECTION ( 'NONE',  ( 0.000000000000000000, 0.000000000000000000, -1.000000000000000000 ) ) ;
#220 = CARTESIAN_POINT ( 'NONE',  ( -17.62500000000000000, 17.49999999999999645, -42.79999999999999005 ) ) ;
#221 = EDGE_CURVE ( 'NONE', #3228, #1269, #3063, .T. ) ;
#222 = ORIENTED_EDGE ( 'NONE', *, *, #300, .T. ) ;
#223 = LINE ( 'NONE', #241, #847 ) ;
#224 = CYLINDRICAL_SURFACE ( 'NONE', #1915, 3.750000000000000000 ) ;
#225 = CARTESIAN_POINT ( 'NONE',  ( 38.18999999999999773, 15.00000000000000000, -42.79999999999998295 ) ) ;
#226 = EDGE_LOOP ( 'NONE', ( #108, #1125, #1016, #3186 ) ) ;
#227 = DIRECTION ( 'NONE',  ( 0.000000000000000000, 1.000000000000000000, 0.000000000000000000 ) ) ;
#228 = EDGE_LOOP ( 'NONE', ( #1985, #977, #843, #709 ) ) ;
#229 = VECTOR ( 'NONE', #771, 1000.000000000000000 ) ;
#230 = CIRCLE ( 'NONE', #618, 3.750000000000000000 ) ;
#231 = ORIENTED_EDGE ( 'NONE', *, *, #2241, .F. ) ;
#232 = VECTOR ( 'NONE', #2481, 1000.000000000000000 ) ;
#233 = VERTEX_POINT ( 'NONE', #3045 ) ;
#234 = ADVANCED_FACE ( 'NONE', ( #191 ), #1513, .T. ) ;
#235 = AXIS2_PLACEMENT_3D ( 'NONE', #938, #608, #3015 ) ;
#236 = LINE ( 'NONE', #1524, #1469 ) ;
#237 = LINE ( 'NONE', #2590, #1220 ) ;
#238 = ADVANCED_FACE ( 'NONE', ( #992 ), #739, .F. ) ;
#239 = VECTOR ( 'NONE', #379, 1000.000000000000000 ) ;
#240 = ORIENTED_EDGE ( 'NONE', *, *, #345, .F. ) ;
#241 = CARTESIAN_POINT ( 'NONE',  ( 6.184999999999996056, -70.67152385711368368, 42.80000000000000426 ) ) ;
#242 = CARTESIAN_POINT ( 'NONE',  ( 30.00000000000000000, 15.00000000000000000, 42.79999999999999716 ) ) ;
#243 = DIRECTION ( 'NONE',  ( -0.000000000000000000, 1.000000000000000000, -0.000000000000000000 ) ) ;
#244 = DIRECTION ( 'NONE',  ( 0.000000000000000000, 0.000000000000000000, -1.000000000000000000 ) ) ;
#245 = CARTESIAN_POINT ( 'NONE',  ( 3.888251624603683901E-15, 17.49999999999999645, -42.79999999999999005 ) ) ;
#246 = PLANE ( 'NONE',  #1266 ) ;
#247 = ORIENTED_EDGE ( 'NONE', *, *, #2638, .F. ) ;
#248 = ORIENTED_EDGE ( 'NONE', *, *, #2551, .F. ) ;
#249 = CARTESIAN_POINT ( 'NONE',  ( -22.06499999999999773, 17.49999999999999645, -26.86978035914409091 ) ) ;
#250 = CARTESIAN_POINT ( 'NONE',  ( 14.12500000000000355, 17.49999999999999645, -42.79999999999999005 ) ) ;
#251 = ADVANCED_FACE ( 'NONE', ( #2560 ), #224, .F. ) ;
#252 = ORIENTED_EDGE ( 'NONE', *, *, #1292, .T. ) ;
#253 = DIRECTION ( 'NONE',  ( -1.000000000000000000, 0.000000000000000000, 0.000000000000000000 ) ) ;
#254 = CARTESIAN_POINT ( 'NONE',  ( 3.888251624603685478E-15, 17.49999999999999645, 42.80000000000000426 ) ) ;
#255 = DIRECTION ( 'NONE',  ( 0.000000000000000000, 0.000000000000000000, 1.000000000000000000 ) ) ;
#256 = CARTESIAN_POINT ( 'NONE',  ( 14.12500000000000355, 17.49999999999999645, -42.79999999999999005 ) ) ;
#257 = LINE ( 'NONE', #1171, #2731 ) ;
#258 = LINE ( 'NONE', #1297, #1474 ) ;
#259 = EDGE_CURVE ( 'NONE', #1709, #2871, #2747, .T. ) ;
#260 = VECTOR ( 'NONE', #2858, 1000.000000000000000 ) ;
#261 = CARTESIAN_POINT ( 'NONE',  ( 20.00000000000000000, 17.49999999999999645, -29.99999999999998934 ) ) ;
#262 = EDGE_LOOP ( 'NONE', ( #3275, #3139 ) ) ;
#263 = ORIENTED_EDGE ( 'NONE', *, *, #308, .T. ) ;
#264 = ORIENTED_EDGE ( 'NONE', *, *, #1238, .T. ) ;
#265 = CARTESIAN_POINT ( 'NONE',  ( 30.00000000000000000, 7.499999999999998224, 32.38337520964460481 ) ) ;
#266 = LINE ( 'NONE', #2625, #3224 ) ;
#267 = DIRECTION ( 'NONE',  ( 0.000000000000000000, 0.000000000000000000, 1.000000000000000000 ) ) ;
#268 = CIRCLE ( 'NONE', #760, 2.249999999999998668 ) ;
#269 = ORIENTED_EDGE ( 'NONE', *, *, #2471, .T. ) ;
#270 = CARTESIAN_POINT ( 'NONE',  ( 22.06500000000000483, 17.49999999999999645, 0.000000000000000000 ) ) ;
#271 = PLANE ( 'NONE',  #1533 ) ;
#272 = FACE_OUTER_BOUND ( 'NONE', #3033, .T. ) ;
#273 = EDGE_CURVE ( 'NONE', #140, #3047, #689, .T. ) ;
#274 = CARTESIAN_POINT ( 'NONE',  ( 30.00000000000000000, 15.00000000000000000, 0.000000000000000000 ) ) ;
#275 = DIRECTION ( 'NONE',  ( 0.000000000000000000, 1.000000000000000000, 0.000000000000000000 ) ) ;
#276 = DIRECTION ( 'NONE',  ( 0.000000000000000000, 0.000000000000000000, 1.000000000000000000 ) ) ;
#277 = DIRECTION ( 'NONE',  ( -0.000000000000000000, 1.000000000000000000, -0.000000000000000000 ) ) ;
#278 = CIRCLE ( 'NONE', #1307, 2.249999999999998668 ) ;
#279 = CIRCLE ( 'NONE', #341, 3.750000000000003553 ) ;
#280 = CARTESIAN_POINT ( 'NONE',  ( 38.18999999999999062, 15.00000000000000000, 42.79999999999999716 ) ) ;
#281 = VERTEX_POINT ( 'NONE', #2235 ) ;
#282 = PERSON ( '未指定', '未指定', '未指定', ('未指定'), ('未指定'), ('未指定') ) ;
#283 = ORIENTED_EDGE ( 'NONE', *, *, #1639, .T. ) ;
#284 = AXIS2_PLACEMENT_3D ( 'NONE', #2828, #787, #1022 ) ;
#285 = VERTEX_POINT ( 'NONE', #465 ) ;
#286 = DIRECTION ( 'NONE',  ( 0.000000000000000000, 0.000000000000000000, 1.000000000000000000 ) ) ;
#287 = DIRECTION ( 'NONE',  ( 0.000000000000000000, 0.000000000000000000, -1.000000000000000000 ) ) ;
#288 = CARTESIAN_POINT ( 'NONE',  ( 38.18999999999999773, 17.49999999999999645, -42.79999999999999005 ) ) ;
#289 = AXIS2_PLACEMENT_3D ( 'NONE', #515, #2563, #1787 ) ;
#290 = VECTOR ( 'NONE', #3357, 1000.000000000000000 ) ;
#291 = ORIENTED_EDGE ( 'NONE', *, *, #2273, .F. ) ;
#292 = LINE ( 'NONE', #2863, #2503 ) ;
#293 = FACE_OUTER_BOUND ( 'NONE', #613, .T. ) ;
#294 = COORDINATED_UNIVERSAL_TIME_OFFSET ( 8, 0, .AHEAD. ) ;
#295 = AXIS2_PLACEMENT_3D ( 'NONE', #172, #991, #2252 ) ;
#296 = CYLINDRICAL_SURFACE ( 'NONE', #948, 2.249999999999998668 ) ;
#297 = FACE_BOUND ( 'NONE', #1273, .T. ) ;
#298 = LINE ( 'NONE', #2057, #3320 ) ;
#299 = CARTESIAN_POINT ( 'NONE',  ( 1.750000000000000222, -70.67152385711368368, -42.79999999999999005 ) ) ;
#300 = EDGE_CURVE ( 'NONE', #1946, #1141, #1500, .T. ) ;
#301 = EDGE_CURVE ( 'NONE', #98, #2343, #279, .T. ) ;
#302 = CARTESIAN_POINT ( 'NONE',  ( 33.50000000000000711, 17.49999999999999645, 0.000000000000000000 ) ) ;
#303 = ORIENTED_EDGE ( 'NONE', *, *, #1157, .F. ) ;
#304 = ORIENTED_EDGE ( 'NONE', *, *, #3166, .F. ) ;
#305 = DIRECTION ( 'NONE',  ( 0.000000000000000000, 0.000000000000000000, -1.000000000000000000 ) ) ;
#306 = CARTESIAN_POINT ( 'NONE',  ( 22.06500000000000483, 17.49999999999999645, 0.000000000000000000 ) ) ;
#307 = CARTESIAN_POINT ( 'NONE',  ( -14.12499999999999645, 15.00000000000000000, -0.000000000000000000 ) ) ;
#308 = EDGE_CURVE ( 'NONE', #2967, #1761, #2546, .T. ) ;
#309 = ORIENTED_EDGE ( 'NONE', *, *, #354, .F. ) ;
#310 = LINE ( 'NONE', #1114, #382 ) ;
#311 = DIRECTION ( 'NONE',  ( 0.000000000000000000, 1.000000000000000000, -0.000000000000000000 ) ) ;
#312 = CYLINDRICAL_SURFACE ( 'NONE', #1459, 3.750000000000000000 ) ;
#313 = LINE ( 'NONE', #827, #780 ) ;
#314 = DIRECTION ( 'NONE',  ( 0.000000000000000000, 1.000000000000000000, 0.000000000000000000 ) ) ;
#315 = DIRECTION ( 'NONE',  ( 0.000000000000000000, 0.000000000000000000, 1.000000000000000000 ) ) ;
#316 = LINE ( 'NONE', #2669, #2785 ) ;
#317 = DIRECTION ( 'NONE',  ( 0.000000000000000000, 1.000000000000000000, 0.000000000000000000 ) ) ;
#318 = VERTEX_POINT ( 'NONE', #2781 ) ;
#319 = ADVANCED_FACE ( 'NONE', ( #723 ), #2800, .T. ) ;
#320 = VERTEX_POINT ( 'NONE', #1707 ) ;
#321 = EDGE_CURVE ( 'NONE', #2872, #320, #1755, .T. ) ;
#322 = CARTESIAN_POINT ( 'NONE',  ( -14.12499999999999645, 17.49999999999999645, -42.79999999999999005 ) ) ;
#323 = LINE ( 'NONE', #1360, #731 ) ;
#324 = DIRECTION ( 'NONE',  ( -0.000000000000000000, 1.000000000000000000, -0.000000000000000000 ) ) ;
#325 = ORIENTED_EDGE ( 'NONE', *, *, #1364, .F. ) ;
#326 = EDGE_CURVE ( 'NONE', #1251, #1183, #2302, .T. ) ;
#327 = PLANE ( 'NONE',  #3203 ) ;
#328 = DATE_AND_TIME ( #1398, #535 ) ;
#329 = AXIS2_PLACEMENT_3D ( 'NONE', #622, #2455, #2229 ) ;
#330 = LINE ( 'NONE', #2376, #1922 ) ;
#331 = CARTESIAN_POINT ( 'NONE',  ( -31.75000000000000000, 15.00000000000000000, 39.45000000000000284 ) ) ;
#332 = DIRECTION ( 'NONE',  ( 0.000000000000000000, 0.000000000000000000, -1.000000000000000000 ) ) ;
#333 = CARTESIAN_POINT ( 'NONE',  ( -20.00000000000000000, 0.000000000000000000, -29.99999999999998934 ) ) ;
#334 = VECTOR ( 'NONE', #324, 1000.000000000000000 ) ;
#335 = DIRECTION ( 'NONE',  ( -0.000000000000000000, -1.000000000000000000, -0.000000000000000000 ) ) ;
#336 = VERTEX_POINT ( 'NONE', #705 ) ;
#337 = VECTOR ( 'NONE', #2479, 1000.000000000000000 ) ;
#338 = ORIENTED_EDGE ( 'NONE', *, *, #3066, .T. ) ;
#339 = CARTESIAN_POINT ( 'NONE',  ( -31.75000000000000000, 7.499999999999998224, 35.70000000000000284 ) ) ;
#340 = CYLINDRICAL_SURFACE ( 'NONE', #1581, 2.249999999999998668 ) ;
#341 = AXIS2_PLACEMENT_3D ( 'NONE', #2761, #3018, #1990 ) ;
#342 = ADVANCED_FACE ( 'NONE', ( #674 ), #415, .T. ) ;
#343 = ORIENTED_EDGE ( 'NONE', *, *, #1506, .T. ) ;
#344 = VECTOR ( 'NONE', #1876, 1000.000000000000000 ) ;
#345 = EDGE_CURVE ( 'NONE', #1887, #1409, #995, .T. ) ;
#346 = CARTESIAN_POINT ( 'NONE',  ( -6.184999999999997833, -70.67152385711368368, 0.000000000000000000 ) ) ;
#347 = DIRECTION ( 'NONE',  ( 0.000000000000000000, 0.000000000000000000, 1.000000000000000000 ) ) ;
#348 = AXIS2_PLACEMENT_3D ( 'NONE', #2928, #1123, #2704 ) ;
#349 = ORIENTED_EDGE ( 'NONE', *, *, #1715, .F. ) ;
#350 = CARTESIAN_POINT ( 'NONE',  ( -20.00000000000000000, 0.000000000000000000, 30.00000000000001066 ) ) ;
#351 = CARTESIAN_POINT ( 'NONE',  ( -22.06499999999999773, 17.49999999999999645, -42.79999999999999005 ) ) ;
#352 = CARTESIAN_POINT ( 'NONE',  ( 3.888251624603683901E-15, 17.49999999999999645, -42.79999999999999005 ) ) ;
#353 = ORIENTED_EDGE ( 'NONE', *, *, #1550, .F. ) ;
#354 = EDGE_CURVE ( 'NONE', #2052, #753, #1735, .T. ) ;
#355 = DIRECTION ( 'NONE',  ( 0.000000000000000000, 1.000000000000000000, -0.000000000000000000 ) ) ;
#356 = ORIENTED_EDGE ( 'NONE', *, *, #1939, .T. ) ;
#357 = EDGE_LOOP ( 'NONE', ( #2381, #4, #1148, #1663 ) ) ;
#358 = CARTESIAN_POINT ( 'NONE',  ( -17.62500000000000000, 12.49999999999999645, 32.90204669156096884 ) ) ;
#359 = EDGE_LOOP ( 'NONE', ( #283, #1495, #2778, #1546 ) ) ;
#360 = FACE_OUTER_BOUND ( 'NONE', #226, .T. ) ;
#361 = EDGE_CURVE ( 'NONE', #2602, #1070, #2006, .T. ) ;
#362 = VERTEX_POINT ( 'NONE', #2880 ) ;
#363 = CARTESIAN_POINT ( 'NONE',  ( 17.62499999999999645, 15.00000000000000000, -27.09795330843901695 ) ) ;
#364 = DIRECTION ( 'NONE',  ( 0.000000000000000000, 0.000000000000000000, -1.000000000000000000 ) ) ;
#365 = DIRECTION ( 'NONE',  ( 1.000000000000000000, -0.000000000000000000, -9.084700057485245466E-17 ) ) ;
#366 = VERTEX_POINT ( 'NONE', #823 ) ;
#367 = CARTESIAN_POINT ( 'NONE',  ( 9.685000000000005826, 17.49999999999999645, 42.80000000000000426 ) ) ;
#368 = ORIENTED_EDGE ( 'NONE', *, *, #1715, .T. ) ;
#369 = EDGE_CURVE ( 'NONE', #1272, #1647, #3217, .T. ) ;
#370 = ORIENTED_EDGE ( 'NONE', *, *, #1634, .F. ) ;
#371 = DIRECTION ( 'NONE',  ( 0.000000000000000000, 1.000000000000000000, 0.000000000000000000 ) ) ;
#372 = CC_DESIGN_APPROVAL ( #1923, ( #2606 ) ) ;
#373 = EDGE_LOOP ( 'NONE', ( #1517, #309, #962, #2196 ) ) ;
#374 = VECTOR ( 'NONE', #805, 1000.000000000000000 ) ;
#375 = DIRECTION ( 'NONE',  ( 0.000000000000000000, 0.000000000000000000, 1.000000000000000000 ) ) ;
#376 = CIRCLE ( 'NONE', #2337, 3.750000000000000000 ) ;
#377 = COORDINATED_UNIVERSAL_TIME_OFFSET ( 8, 0, .AHEAD. ) ;
#378 = EDGE_LOOP ( 'NONE', ( #2485, #3283, #1595, #410, #2404, #1394, #458, #2084 ) ) ;
#379 = DIRECTION ( 'NONE',  ( -1.000000000000000000, 0.000000000000000000, -9.084700057485244233E-17 ) ) ;
#380 = FACE_OUTER_BOUND ( 'NONE', #2749, .T. ) ;
#381 = DIRECTION ( 'NONE',  ( 0.000000000000000000, 0.000000000000000000, -1.000000000000000000 ) ) ;
#382 = VECTOR ( 'NONE', #3184, 1000.000000000000000 ) ;
#383 = EDGE_LOOP ( 'NONE', ( #2109, #1728, #2534, #1752, #50, #2452, #2705 ) ) ;
#384 = EDGE_CURVE ( 'NONE', #1647, #1272, #1916, .T. ) ;
#385 = LINE ( 'NONE', #632, #2789 ) ;
#386 = ORIENTED_EDGE ( 'NONE', *, *, #640, .T. ) ;
#387 = VECTOR ( 'NONE', #2721, 1000.000000000000000 ) ;
#388 = CARTESIAN_POINT ( 'NONE',  ( -17.62500000000000000, 17.49999999999999645, 42.80000000000000426 ) ) ;
#389 = CIRCLE ( 'NONE', #1638, 3.750000000000000000 ) ;
#390 = ADVANCED_FACE ( 'NONE', ( #1855 ), #1820, .T. ) ;
#391 = ORIENTED_EDGE ( 'NONE', *, *, #3166, .T. ) ;
#392 = CARTESIAN_POINT ( 'NONE',  ( -20.00000000000000000, 12.49999999999999645, -29.99999999999998934 ) ) ;
#393 = LINE ( 'NONE', #2757, #506 ) ;
#394 = AXIS2_PLACEMENT_3D ( 'NONE', #2460, #1133, #2685 ) ;
#395 = AXIS2_PLACEMENT_3D ( 'NONE', #3176, #1137, #1373 ) ;
#396 = ORIENTED_EDGE ( 'NONE', *, *, #1487, .T. ) ;
#397 = CARTESIAN_POINT ( 'NONE',  ( 3.888251624603683901E-15, 17.49999999999999645, -42.79999999999999005 ) ) ;
#398 = FACE_OUTER_BOUND ( 'NONE', #1878, .T. ) ;
#399 = CARTESIAN_POINT ( 'NONE',  ( -25.56500000000000483, 15.00000000000000000, 42.80000000000000426 ) ) ;
#400 = AXIS2_PLACEMENT_3D ( 'NONE', #1210, #3188, #866 ) ;
#401 = ORIENTED_EDGE ( 'NONE', *, *, #1954, .T. ) ;
#402 = AXIS2_PLACEMENT_3D ( 'NONE', #3126, #2604, #2674 ) ;
#403 = CARTESIAN_POINT ( 'NONE',  ( -20.00000000000000000, 0.000000000000000000, -29.99999999999998934 ) ) ;
#404 = ORIENTED_EDGE ( 'NONE', *, *, #1545, .T. ) ;
#405 = ADVANCED_FACE ( 'NONE', ( #1009 ), #2353, .F. ) ;
#406 = AXIS2_PLACEMENT_3D ( 'NONE', #270, #1094, #3147 ) ;
#407 = EDGE_CURVE ( 'NONE', #715, #336, #3345, .T. ) ;
#408 = LINE ( 'NONE', #3196, #2124 ) ;
#409 = ADVANCED_FACE ( 'NONE', ( #2649 ), #3075, .F. ) ;
#410 = ORIENTED_EDGE ( 'NONE', *, *, #507, .F. ) ;
#411 = DIRECTION ( 'NONE',  ( -0.000000000000000000, -1.000000000000000000, -0.000000000000000000 ) ) ;
#412 = LINE ( 'NONE', #2249, #996 ) ;
#413 = ORIENTED_EDGE ( 'NONE', *, *, #647, .T. ) ;
#414 = FACE_OUTER_BOUND ( 'NONE', #1698, .T. ) ;
#415 = PLANE ( 'NONE',  #2191 ) ;
#416 = DIRECTION ( 'NONE',  ( 0.000000000000000000, 0.000000000000000000, -1.000000000000000000 ) ) ;
#417 = ORIENTED_EDGE ( 'NONE', *, *, #180, .T. ) ;
#418 = DIRECTION ( 'NONE',  ( 0.000000000000000000, 0.000000000000000000, 1.000000000000000000 ) ) ;
#419 = ORIENTED_EDGE ( 'NONE', *, *, #754, .T. ) ;
#420 = CARTESIAN_POINT ( 'NONE',  ( -30.00000000000000000, 7.499999999999998224, 39.01662479035540088 ) ) ;
#421 = EDGE_LOOP ( 'NONE', ( #146, #794, #488, #1334 ) ) ;
#422 = ORIENTED_EDGE ( 'NONE', *, *, #551, .T. ) ;
#423 = ADVANCED_FACE ( 'NONE', ( #2630 ), #16, .T. ) ;
#424 = DIRECTION ( 'NONE',  ( -0.000000000000000000, 1.000000000000000000, -0.000000000000000000 ) ) ;
#425 = DIRECTION ( 'NONE',  ( -0.000000000000000000, -1.000000000000000000, -0.000000000000000000 ) ) ;
#426 = EDGE_LOOP ( 'NONE', ( #2914, #1980, #2365, #3324, #2238, #2793, #1502, #2587 ) ) ;
#427 = VECTOR ( 'NONE', #740, 1000.000000000000000 ) ;
#428 = EDGE_CURVE ( 'NONE', #285, #3124, #1749, .T. ) ;
#429 = DIRECTION ( 'NONE',  ( 1.000000000000000000, 0.000000000000000000, -9.084700057485245466E-17 ) ) ;
#430 = DIRECTION ( 'NONE',  ( 0.000000000000000000, 1.000000000000000000, -0.000000000000000000 ) ) ;
#431 = FACE_OUTER_BOUND ( 'NONE', #2981, .T. ) ;
#432 = ORIENTED_EDGE ( 'NONE', *, *, #110, .T. ) ;
#433 = DIRECTION ( 'NONE',  ( 0.000000000000000000, 0.000000000000000000, 1.000000000000000000 ) ) ;
#434 = ORIENTED_EDGE ( 'NONE', *, *, #536, .T. ) ;
#435 = VECTOR ( 'NONE', #652, 1000.000000000000000 ) ;
#436 = DIRECTION ( 'NONE',  ( -0.000000000000000000, 1.000000000000000000, -0.000000000000000000 ) ) ;
#437 = ORIENTED_EDGE ( 'NONE', *, *, #1069, .T. ) ;
#438 = VECTOR ( 'NONE', #2108, 1000.000000000000000 ) ;
#439 = ORIENTED_EDGE ( 'NONE', *, *, #2595, .F. ) ;
#440 = LINE ( 'NONE', #3310, #217 ) ;
#441 = CARTESIAN_POINT ( 'NONE',  ( -30.00000000000000000, 17.49999999999999645, -31.05141175381601926 ) ) ;
#442 = VECTOR ( 'NONE', #436, 1000.000000000000000 ) ;
#443 = EDGE_CURVE ( 'NONE', #1598, #1141, #230, .T. ) ;
#444 = VERTEX_POINT ( 'NONE', #2318 ) ;
#445 = EDGE_CURVE ( 'NONE', #1269, #2931, #572, .T. ) ;
#446 = VECTOR ( 'NONE', #1721, 1000.000000000000000 ) ;
#447 = CARTESIAN_POINT ( 'NONE',  ( 30.00000000000000000, 17.49999999999999645, 0.000000000000000000 ) ) ;
#448 = CARTESIAN_POINT ( 'NONE',  ( -14.12499999999999645, 17.49999999999999645, 42.80000000000000426 ) ) ;
#449 = DIRECTION ( 'NONE',  ( -0.000000000000000000, 1.000000000000000000, -0.000000000000000000 ) ) ;
#450 = ORIENTED_EDGE ( 'NONE', *, *, #1694, .F. ) ;
#451 = CIRCLE ( 'NONE', #1211, 2.249999999999998668 ) ;
#452 = VECTOR ( 'NONE', #2434, 1000.000000000000000 ) ;
#453 = DIRECTION ( 'NONE',  ( -0.000000000000000000, 1.000000000000000000, -0.000000000000000000 ) ) ;
#454 = VERTEX_POINT ( 'NONE', #1605 ) ;
#455 = VECTOR ( 'NONE', #1126, 1000.000000000000000 ) ;
#456 = FACE_OUTER_BOUND ( 'NONE', #542, .T. ) ;
#457 = AXIS2_PLACEMENT_3D ( 'NONE', #1989, #204, #704 ) ;
#458 = ORIENTED_EDGE ( 'NONE', *, *, #3144, .T. ) ;
#459 = VERTEX_POINT ( 'NONE', #1564 ) ;
#460 = DIRECTION ( 'NONE',  ( 0.000000000000000000, 0.000000000000000000, 1.000000000000000000 ) ) ;
#461 = CARTESIAN_POINT ( 'NONE',  ( 20.00000000000000000, 12.49999999999999645, 26.24999999999998934 ) ) ;
#462 = ORIENTED_EDGE ( 'NONE', *, *, #965, .T. ) ;
#463 = EDGE_CURVE ( 'NONE', #1141, #918, #2192, .T. ) ;
#464 = DIRECTION ( 'NONE',  ( -0.000000000000000000, 1.000000000000000000, -0.000000000000000000 ) ) ;
#465 = CARTESIAN_POINT ( 'NONE',  ( 20.00000000000000000, 12.49999999999999645, 27.75000000000000355 ) ) ;
#466 = DIRECTION ( 'NONE',  ( 0.000000000000000000, 0.000000000000000000, 1.000000000000000000 ) ) ;
#467 = ORIENTED_EDGE ( 'NONE', *, *, #1966, .F. ) ;
#468 = ADVANCED_FACE ( 'NONE', ( #2579 ), #271, .T. ) ;
#469 = EDGE_CURVE ( 'NONE', #3124, #285, #3273, .T. ) ;
#470 = CARTESIAN_POINT ( 'NONE',  ( 30.00000000000000000, 15.00000000000000000, 0.000000000000000000 ) ) ;
#471 = ORIENTED_EDGE ( 'NONE', *, *, #1093, .T. ) ;
#472 = ADVANCED_FACE ( 'NONE', ( #293 ), #1330, .T. ) ;
#473 = EDGE_LOOP ( 'NONE', ( #1719, #3103, #3194, #3204, #2062, #2048, #2706, #1763 ) ) ;
#474 = VERTEX_POINT ( 'NONE', #3362 ) ;
#475 = DIRECTION ( 'NONE',  ( 0.000000000000000000, 0.000000000000000000, -1.000000000000000000 ) ) ;
#476 = DIRECTION ( 'NONE',  ( 0.000000000000000000, 0.000000000000000000, 1.000000000000000000 ) ) ;
#477 = VERTEX_POINT ( 'NONE', #242 ) ;
#478 = CYLINDRICAL_SURFACE ( 'NONE', #900, 2.249999999999998668 ) ;
#479 = CARTESIAN_POINT ( 'NONE',  ( 1.750000000000000222, -70.67152385711368368, 42.80000000000000426 ) ) ;
#480 = CARTESIAN_POINT ( 'NONE',  ( -20.00000000000000000, 0.000000000000000000, -32.24999999999998579 ) ) ;
#481 = VERTEX_POINT ( 'NONE', #1039 ) ;
#482 = ORGANIZATION ( '未指定', '未指定', '' ) ;
#483 = DIRECTION ( 'NONE',  ( 1.000000000000000000, 0.000000000000000000, -9.084700057485245466E-17 ) ) ;
#484 = ORIENTED_EDGE ( 'NONE', *, *, #1586, .F. ) ;
#485 = EDGE_CURVE ( 'NONE', #3016, #2783, #940, .T. ) ;
#486 = EDGE_CURVE ( 'NONE', #1925, #119, #2128, .T. ) ;
#487 = ORIENTED_EDGE ( 'NONE', *, *, #1157, .T. ) ;
#488 = ORIENTED_EDGE ( 'NONE', *, *, #1028, .T. ) ;
#489 = CIRCLE ( 'NONE', #3258, 2.249999999999998668 ) ;
#490 = CARTESIAN_POINT ( 'NONE',  ( -20.00000000000000000, 12.49999999999999645, -26.24999999999998934 ) ) ;
#491 = DIRECTION ( 'NONE',  ( -0.000000000000000000, 1.000000000000000000, -0.000000000000000000 ) ) ;
#492 = ORIENTED_EDGE ( 'NONE', *, *, #1750, .F. ) ;
#493 = CARTESIAN_POINT ( 'NONE',  ( 20.00000000000000000, 0.000000000000000000, -29.99999999999999289 ) ) ;
#494 = DIRECTION ( 'NONE',  ( 0.000000000000000000, 1.000000000000000000, 0.000000000000000000 ) ) ;
#495 = DIRECTION ( 'NONE',  ( -0.000000000000000000, 1.000000000000000000, -0.000000000000000000 ) ) ;
#496 = VERTEX_POINT ( 'NONE', #2061 ) ;
#497 = VECTOR ( 'NONE', #1825, 1000.000000000000000 ) ;
#498 = DIRECTION ( 'NONE',  ( -1.000000000000000000, 0.000000000000000000, 0.000000000000000000 ) ) ;
#499 = ORIENTED_EDGE ( 'NONE', *, *, #3231, .F. ) ;
#500 = CIRCLE ( 'NONE', #2841, 3.750000000000000000 ) ;
#501 = DIRECTION ( 'NONE',  ( 0.000000000000000000, 1.000000000000000000, 0.000000000000000000 ) ) ;
#502 = EDGE_CURVE ( 'NONE', #3022, #2343, #518, .T. ) ;
#503 = VERTEX_POINT ( 'NONE', #1865 ) ;
#504 = VECTOR ( 'NONE', #2475, 1000.000000000000000 ) ;
#505 = ORIENTED_EDGE ( 'NONE', *, *, #2968, .T. ) ;
#506 = VECTOR ( 'NONE', #922, 1000.000000000000000 ) ;
#507 = EDGE_CURVE ( 'NONE', #474, #2954, #2083, .T. ) ;
#508 = DIRECTION ( 'NONE',  ( 0.000000000000000000, 0.000000000000000000, 1.000000000000000000 ) ) ;
#509 = DIRECTION ( 'NONE',  ( 0.000000000000000000, -0.000000000000000000, 1.000000000000000000 ) ) ;
#510 = AXIS2_PLACEMENT_3D ( 'NONE', #925, #1975, #105 ) ;
#511 = ORIENTED_EDGE ( 'NONE', *, *, #502, .F. ) ;
#512 = CARTESIAN_POINT ( 'NONE',  ( 17.62499999999999645, 17.49999999999999645, 0.000000000000000000 ) ) ;
#513 = CARTESIAN_POINT ( 'NONE',  ( 20.00000000000000000, 12.49999999999999645, 30.00000000000000355 ) ) ;
#514 = LINE ( 'NONE', #480, #3250 ) ;
#515 = CARTESIAN_POINT ( 'NONE',  ( 20.00000000000000000, 12.49999999999999645, -29.99999999999998934 ) ) ;
#516 = LINE ( 'NONE', #3097, #229 ) ;
#517 = CARTESIAN_POINT ( 'NONE',  ( -20.00000000000000000, 12.49999999999999645, 30.00000000000001066 ) ) ;
#518 = LINE ( 'NONE', #3154, #3162 ) ;
#519 = ORIENTED_EDGE ( 'NONE', *, *, #626, .T. ) ;
#520 = ORIENTED_EDGE ( 'NONE', *, *, #2283, .F. ) ;
#521 = ORIENTED_EDGE ( 'NONE', *, *, #194, .F. ) ;
#522 = FACE_OUTER_BOUND ( 'NONE', #1693, .T. ) ;
#523 = DIRECTION ( 'NONE',  ( -0.000000000000000000, 1.000000000000000000, -0.000000000000000000 ) ) ;
#524 = CARTESIAN_POINT ( 'NONE',  ( -9.684999999999998721, -70.67152385711368368, -42.79999999999999005 ) ) ;
#525 = EDGE_CURVE ( 'NONE', #2967, #1577, #6, .T. ) ;
#526 = EDGE_LOOP ( 'NONE', ( #604, #1508, #3035, #3354, #100, #263, #2808, #1399, #2308, #325 ) ) ;
#527 = LINE ( 'NONE', #2373, #1632 ) ;
#528 = DIRECTION ( 'NONE',  ( 0.000000000000000000, 0.000000000000000000, 1.000000000000000000 ) ) ;
#529 = FACE_OUTER_BOUND ( 'NONE', #2698, .T. ) ;
#530 = EDGE_CURVE ( 'NONE', #2032, #1439, #2380, .T. ) ;
#531 = CARTESIAN_POINT ( 'NONE',  ( -22.06499999999999773, 17.49999999999999645, 0.000000000000000000 ) ) ;
#532 = DIRECTION ( 'NONE',  ( 0.000000000000000000, 1.000000000000000000, 0.000000000000000000 ) ) ;
#533 = CARTESIAN_POINT ( 'NONE',  ( -17.62500000000000000, 12.49999999999999645, -32.90204669156096884 ) ) ;
#534 = PLANE ( 'NONE',  #3317 ) ;
#535 = LOCAL_TIME ( 13, 38, 10.00000000000000000, #1656 ) ;
#536 = EDGE_CURVE ( 'NONE', #1390, #598, #2912, .T. ) ;
#537 = VECTOR ( 'NONE', #1549, 1000.000000000000000 ) ;
#538 = VECTOR ( 'NONE', #2035, 1000.000000000000000 ) ;
#539 = CARTESIAN_POINT ( 'NONE',  ( 1.750000000000000222, 17.49999999999999645, -42.79999999999999005 ) ) ;
#540 = ORIENTED_EDGE ( 'NONE', *, *, #2703, .F. ) ;
#541 = EDGE_LOOP ( 'NONE', ( #2693, #2465, #733, #189 ) ) ;
#542 = EDGE_LOOP ( 'NONE', ( #1744, #1386, #2310, #2730 ) ) ;
#543 = CARTESIAN_POINT ( 'NONE',  ( 20.00000000000000000, 0.000000000000000000, -29.99999999999999289 ) ) ;
#544 = DIRECTION ( 'NONE',  ( 0.000000000000000000, 1.000000000000000000, 0.000000000000000000 ) ) ;
#545 = DIRECTION ( 'NONE',  ( -0.000000000000000000, -1.000000000000000000, -0.000000000000000000 ) ) ;
#546 = VECTOR ( 'NONE', #1413, 1000.000000000000000 ) ;
#547 = ORIENTED_EDGE ( 'NONE', *, *, #45, .F. ) ;
#548 = CARTESIAN_POINT ( 'NONE',  ( 9.685000000000005826, -70.67152385711368368, 0.000000000000000000 ) ) ;
#549 = DIRECTION ( 'NONE',  ( -1.000000000000000000, 0.000000000000000000, 0.000000000000000000 ) ) ;
#550 = PERSON_AND_ORGANIZATION_ROLE ( 'creator' ) ;
#551 = EDGE_CURVE ( 'NONE', #2185, #2343, #2047, .T. ) ;
#552 = EDGE_CURVE ( 'NONE', #2890, #1670, #726, .T. ) ;
#553 = AXIS2_PLACEMENT_3D ( 'NONE', #2646, #1343, #588 ) ;
#554 = DIRECTION ( 'NONE',  ( 0.000000000000000000, 1.000000000000000000, 0.000000000000000000 ) ) ;
#555 = DIRECTION ( 'NONE',  ( 0.000000000000000000, 0.000000000000000000, 1.000000000000000000 ) ) ;
#556 = CARTESIAN_POINT ( 'NONE',  ( 20.00000000000000000, 0.000000000000000000, 30.00000000000000355 ) ) ;
#557 = DIRECTION ( 'NONE',  ( 0.000000000000000000, 0.000000000000000000, 1.000000000000000000 ) ) ;
#558 = CIRCLE ( 'NONE', #2242, 3.750000000000003553 ) ;
#559 = AXIS2_PLACEMENT_3D ( 'NONE', #92, #642, #2984 ) ;
#560 = PLANE ( 'NONE',  #2628 ) ;
#561 = VERTEX_POINT ( 'NONE', #1538 ) ;
#562 = ORIENTED_EDGE ( 'NONE', *, *, #1571, .T. ) ;
#563 = CIRCLE ( 'NONE', #2899, 3.750000000000000000 ) ;
#564 = VERTEX_POINT ( 'NONE', #2118 ) ;
#565 = CARTESIAN_POINT ( 'NONE',  ( 27.77499999999999858, 7.499999999999998224, -34.06999999999998607 ) ) ;
#566 = CARTESIAN_POINT ( 'NONE',  ( 17.62499999999999645, 17.49999999999999645, -32.90204669156096173 ) ) ;
#567 = PLANE ( 'NONE',  #553 ) ;
#568 = VECTOR ( 'NONE', #2239, 1000.000000000000000 ) ;
#569 = AXIS2_PLACEMENT_3D ( 'NONE', #202, #2326, #476 ) ;
#570 = ORIENTED_EDGE ( 'NONE', *, *, #2986, .T. ) ;
#571 = DIRECTION ( 'NONE',  ( 0.000000000000000000, 0.000000000000000000, -1.000000000000000000 ) ) ;
#572 = LINE ( 'NONE', #254, #3105 ) ;
#573 = CALENDAR_DATE ( 2025, 31, 5 ) ;
#574 = VECTOR ( 'NONE', #2779, 1000.000000000000000 ) ;
#575 = EDGE_CURVE ( 'NONE', #444, #281, #563, .T. ) ;
#576 = DIRECTION ( 'NONE',  ( 0.000000000000000000, 0.000000000000000000, 1.000000000000000000 ) ) ;
#577 = DIRECTION ( 'NONE',  ( 0.000000000000000000, 0.000000000000000000, 1.000000000000000000 ) ) ;
#578 = ORIENTED_EDGE ( 'NONE', *, *, #1176, .F. ) ;
#579 = CARTESIAN_POINT ( 'NONE',  ( 20.00000000000000000, 12.49999999999999645, -33.74999999999998579 ) ) ;
#580 = ADVANCED_FACE ( 'NONE', ( #582 ), #246, .F. ) ;
#581 = EDGE_CURVE ( 'NONE', #2202, #3016, #1481, .T. ) ;
#582 = FACE_OUTER_BOUND ( 'NONE', #1582, .T. ) ;
#583 = ORIENTED_EDGE ( 'NONE', *, *, #1093, .F. ) ;
#584 = EDGE_CURVE ( 'NONE', #1647, #3016, #1844, .T. ) ;
#585 = ORIENTED_EDGE ( 'NONE', *, *, #485, .F. ) ;
#586 = FACE_OUTER_BOUND ( 'NONE', #2500, .T. ) ;
#587 = CARTESIAN_POINT ( 'NONE',  ( 1.750000000000000222, 15.00000000000000000, 0.000000000000000000 ) ) ;
#588 = DIRECTION ( 'NONE',  ( 0.000000000000000000, 0.000000000000000000, 1.000000000000000000 ) ) ;
#589 = ORIENTED_EDGE ( 'NONE', *, *, #2172, .T. ) ;
#590 = DIRECTION ( 'NONE',  ( 0.000000000000000000, 1.000000000000000000, 0.000000000000000000 ) ) ;
#591 = PERSON_AND_ORGANIZATION_ROLE ( 'creator' ) ;
#592 = VERTEX_POINT ( 'NONE', #1318 ) ;
#593 = CARTESIAN_POINT ( 'NONE',  ( -27.77499999999999858, 7.499999999999998224, -34.06999999999998607 ) ) ;
#594 = FACE_OUTER_BOUND ( 'NONE', #1969, .T. ) ;
#595 = PLANE ( 'NONE',  #1798 ) ;
#596 = CARTESIAN_POINT ( 'NONE',  ( 33.50000000000000711, 17.49999999999999645, -42.79999999999999005 ) ) ;
#597 = CARTESIAN_POINT ( 'NONE',  ( -14.12499999999999822, 15.00000000000000000, 42.80000000000000426 ) ) ;
#598 = VERTEX_POINT ( 'NONE', #1791 ) ;
#599 = ADVANCED_FACE ( 'NONE', ( #2835 ), #560, .T. ) ;
#600 = EDGE_CURVE ( 'NONE', #1786, #2588, #2340, .T. ) ;
#601 = ORIENTED_EDGE ( 'NONE', *, *, #2274, .T. ) ;
#602 = CARTESIAN_POINT ( 'NONE',  ( -9.684999999999998721, 15.00000000000000000, 42.80000000000000426 ) ) ;
#603 = DIRECTION ( 'NONE',  ( 0.000000000000000000, 0.000000000000000000, 1.000000000000000000 ) ) ;
#604 = ORIENTED_EDGE ( 'NONE', *, *, #2842, .F. ) ;
#605 = LINE ( 'NONE', #1891, #2396 ) ;
#606 = VERTEX_POINT ( 'NONE', #2870 ) ;
#607 = CARTESIAN_POINT ( 'NONE',  ( -22.06499999999999773, 17.49999999999999645, -33.13021964085588422 ) ) ;
#608 = DIRECTION ( 'NONE',  ( 0.000000000000000000, 1.000000000000000000, 0.000000000000000000 ) ) ;
#609 = LINE ( 'NONE', #2728, #1425 ) ;
#610 = FACE_OUTER_BOUND ( 'NONE', #2913, .T. ) ;
#611 = CIRCLE ( 'NONE', #2011, 3.750000000000003553 ) ;
#612 = CARTESIAN_POINT ( 'NONE',  ( 22.06500000000000483, 17.49999999999999645, 26.86978035914409801 ) ) ;
#613 = EDGE_LOOP ( 'NONE', ( #1944, #1874, #2245, #1914 ) ) ;
#614 = AXIS2_PLACEMENT_3D ( 'NONE', #2275, #2521, #3136 ) ;
#615 = AXIS2_PLACEMENT_3D ( 'NONE', #39, #1861, #276 ) ;
#616 = VERTEX_POINT ( 'NONE', #539 ) ;
#617 = LINE ( 'NONE', #1142, #1255 ) ;
#618 = AXIS2_PLACEMENT_3D ( 'NONE', #2901, #34, #1279 ) ;
#619 = EDGE_LOOP ( 'NONE', ( #1031, #2013 ) ) ;
#620 = EDGE_CURVE ( 'NONE', #1082, #3065, #2322, .T. ) ;
#621 = AXIS2_PLACEMENT_3D ( 'NONE', #403, #453, #418 ) ;
#622 = CARTESIAN_POINT ( 'NONE',  ( -20.00000000000000000, 15.00000000000000000, -29.99999999999998934 ) ) ;
#623 = CARTESIAN_POINT ( 'NONE',  ( -22.06500000000000128, 15.00000000000000000, 42.80000000000000426 ) ) ;
#624 = VECTOR ( 'NONE', #2660, 1000.000000000000000 ) ;
#625 = VERTEX_POINT ( 'NONE', #1067 ) ;
#626 = EDGE_CURVE ( 'NONE', #318, #890, #3321, .T. ) ;
#627 = CARTESIAN_POINT ( 'NONE',  ( 17.62499999999999645, 15.00000000000000000, 0.000000000000000000 ) ) ;
#628 = VECTOR ( 'NONE', #425, 1000.000000000000000 ) ;
#629 = DIRECTION ( 'NONE',  ( 0.000000000000000000, 0.000000000000000000, 1.000000000000000000 ) ) ;
#630 = PLANE ( 'NONE',  #832 ) ;
#631 = ORIENTED_EDGE ( 'NONE', *, *, #1178, .F. ) ;
#632 = CARTESIAN_POINT ( 'NONE',  ( 3.888251624603685478E-15, 15.00000000000000000, 42.80000000000000426 ) ) ;
#633 = ORIENTED_EDGE ( 'NONE', *, *, #2466, .T. ) ;
#634 = ORIENTED_EDGE ( 'NONE', *, *, #2486, .T. ) ;
#635 = FACE_OUTER_BOUND ( 'NONE', #2159, .T. ) ;
#636 = VERTEX_POINT ( 'NONE', #1612 ) ;
#637 = CARTESIAN_POINT ( 'NONE',  ( 9.685000000000005826, -70.67152385711368368, 42.80000000000000426 ) ) ;
#638 = ADVANCED_FACE ( 'NONE', ( #811 ), #2640, .T. ) ;
#639 = ORIENTED_EDGE ( 'NONE', *, *, #384, .F. ) ;
#640 = EDGE_CURVE ( 'NONE', #625, #503, #1863, .T. ) ;
#641 = DIRECTION ( 'NONE',  ( 1.000000000000000000, 0.000000000000000000, -9.084700057485245466E-17 ) ) ;
#642 = DIRECTION ( 'NONE',  ( -1.000000000000000000, 0.000000000000000000, 0.000000000000000000 ) ) ;
#643 = DIRECTION ( 'NONE',  ( 0.000000000000000000, 0.000000000000000000, -1.000000000000000000 ) ) ;
#644 = ORIENTED_EDGE ( 'NONE', *, *, #584, .F. ) ;
#645 = CARTESIAN_POINT ( 'NONE',  ( 20.00000000000000000, 12.49999999999999645, -29.99999999999998934 ) ) ;
#646 = ORIENTED_EDGE ( 'NONE', *, *, #2507, .T. ) ;
#647 = EDGE_CURVE ( 'NONE', #3244, #1675, #1212, .T. ) ;
#648 = AXIS2_PLACEMENT_3D ( 'NONE', #3076, #2026, #255 ) ;
#649 = CARTESIAN_POINT ( 'NONE',  ( -20.00000000000000000, 12.49999999999999645, 29.99999999999998934 ) ) ;
#650 = LOCAL_TIME ( 13, 38, 10.00000000000000000, #1668 ) ;
#651 = ORIENTED_EDGE ( 'NONE', *, *, #2405, .F. ) ;
#652 = DIRECTION ( 'NONE',  ( 0.000000000000000000, 0.000000000000000000, -1.000000000000000000 ) ) ;
#653 = VECTOR ( 'NONE', #1033, 1000.000000000000000 ) ;
#654 = VECTOR ( 'NONE', #2089, 1000.000000000000000 ) ;
#655 = ORIENTED_EDGE ( 'NONE', *, *, #2777, .T. ) ;
#656 = EDGE_CURVE ( 'NONE', #564, #1946, #500, .T. ) ;
#657 = CARTESIAN_POINT ( 'NONE',  ( -31.75000000000000000, 15.00000000000000000, 35.70000000000000284 ) ) ;
#658 = PLANE ( 'NONE',  #3271 ) ;
#659 = DIRECTION ( 'NONE',  ( -0.000000000000000000, -1.000000000000000000, -0.000000000000000000 ) ) ;
#660 = EDGE_LOOP ( 'NONE', ( #1555, #1340, #698, #2284 ) ) ;
#661 = EDGE_CURVE ( 'NONE', #2557, #2871, #1104, .T. ) ;
#662 = LINE ( 'NONE', #2289, #181 ) ;
#663 = ORIENTED_EDGE ( 'NONE', *, *, #1998, .F. ) ;
#664 = VECTOR ( 'NONE', #1905, 1000.000000000000000 ) ;
#665 = CARTESIAN_POINT ( 'NONE',  ( 20.00000000000000000, 17.49999999999999645, -29.99999999999998934 ) ) ;
#666 = VECTOR ( 'NONE', #78, 1000.000000000000000 ) ;
#667 = ORIENTED_EDGE ( 'NONE', *, *, #1981, .F. ) ;
#668 = LINE ( 'NONE', #1431, #2332 ) ;
#669 = FACE_OUTER_BOUND ( 'NONE', #881, .T. ) ;
#670 = VECTOR ( 'NONE', #1912, 1000.000000000000000 ) ;
#671 = VECTOR ( 'NONE', #2374, 1000.000000000000000 ) ;
#672 = ORIENTED_EDGE ( 'NONE', *, *, #2530, .T. ) ;
#673 = CARTESIAN_POINT ( 'NONE',  ( -20.00000000000000000, 12.49999999999999645, 29.99999999999998934 ) ) ;
#674 = FACE_OUTER_BOUND ( 'NONE', #2261, .T. ) ;
#675 = CARTESIAN_POINT ( 'NONE',  ( 20.00000000000000000, 12.49999999999999645, 32.25000000000000000 ) ) ;
#676 = VECTOR ( 'NONE', #3349, 1000.000000000000000 ) ;
#677 = ORIENTED_EDGE ( 'NONE', *, *, #3008, .T. ) ;
#678 = VECTOR ( 'NONE', #2090, 1000.000000000000000 ) ;
#679 = LINE ( 'NONE', #949, #3167 ) ;
#680 = VERTEX_POINT ( 'NONE', #3191 ) ;
#681 = AXIS2_PLACEMENT_3D ( 'NONE', #913, #1401, #1686 ) ;
#682 = EDGE_CURVE ( 'NONE', #320, #1709, #1945, .T. ) ;
#683 = DIRECTION ( 'NONE',  ( -0.000000000000000000, 1.000000000000000000, -0.000000000000000000 ) ) ;
#684 = ORIENTED_EDGE ( 'NONE', *, *, #1071, .F. ) ;
#685 = FACE_OUTER_BOUND ( 'NONE', #228, .T. ) ;
#686 = CARTESIAN_POINT ( 'NONE',  ( 25.56499999999999773, 17.49999999999999645, 42.80000000000000426 ) ) ;
#687 = ORIENTED_EDGE ( 'NONE', *, *, #1903, .T. ) ;
#688 = CARTESIAN_POINT ( 'NONE',  ( -30.00000000000000000, 17.49999999999999645, 0.000000000000000000 ) ) ;
#689 = LINE ( 'NONE', #1976, #1745 ) ;
#690 = DIRECTION ( 'NONE',  ( -0.000000000000000000, 1.000000000000000000, -0.000000000000000000 ) ) ;
#691 = ORIENTED_EDGE ( 'NONE', *, *, #525, .T. ) ;
#692 = DIRECTION ( 'NONE',  ( -1.000000000000000000, 0.000000000000000000, -9.084700057485244233E-17 ) ) ;
#693 = ORIENTED_EDGE ( 'NONE', *, *, #3229, .T. ) ;
#694 = EDGE_CURVE ( 'NONE', #2305, #1135, #2988, .T. ) ;
#695 = DIRECTION ( 'NONE',  ( -0.000000000000000000, -1.000000000000000000, -0.000000000000000000 ) ) ;
#696 = VERTEX_POINT ( 'NONE', #1884 ) ;
#697 = EDGE_CURVE ( 'NONE', #1225, #2497, #2687, .T. ) ;
#698 = ORIENTED_EDGE ( 'NONE', *, *, #2611, .F. ) ;
#699 = DIRECTION ( 'NONE',  ( -1.000000000000000000, 0.000000000000000000, -9.084700057485244233E-17 ) ) ;
#700 = DIRECTION ( 'NONE',  ( 0.000000000000000000, -1.000000000000000000, 0.000000000000000000 ) ) ;
#701 = ORIENTED_EDGE ( 'NONE', *, *, #2507, .F. ) ;
#702 = AXIS2_PLACEMENT_3D ( 'NONE', #565, #1600, #2347 ) ;
#703 = EDGE_CURVE ( 'NONE', #2758, #2418, #451, .T. ) ;
#704 = DIRECTION ( 'NONE',  ( 0.000000000000000000, 0.000000000000000000, 1.000000000000000000 ) ) ;
#705 = CARTESIAN_POINT ( 'NONE',  ( 22.06500000000000483, 15.00000000000000000, 26.86978035914409801 ) ) ;
#706 = CYLINDRICAL_SURFACE ( 'NONE', #1777, 3.750000000000000000 ) ;
#707 = ORIENTED_EDGE ( 'NONE', *, *, #1077, .T. ) ;
#708 = PLANE ( 'NONE',  #2523 ) ;
#709 = ORIENTED_EDGE ( 'NONE', *, *, #2172, .F. ) ;
#710 = AXIS2_PLACEMENT_3D ( 'NONE', #1209, #747, #2542 ) ;
#711 = AXIS2_PLACEMENT_3D ( 'NONE', #838, #3088, #2384 ) ;
#712 = DIRECTION ( 'NONE',  ( 0.000000000000000000, 0.000000000000000000, 1.000000000000000000 ) ) ;
#713 = VERTEX_POINT ( 'NONE', #1174 ) ;
#714 = EDGE_CURVE ( 'NONE', #3228, #2695, #385, .T. ) ;
#715 = VERTEX_POINT ( 'NONE', #612 ) ;
#716 = EDGE_CURVE ( 'NONE', #954, #2557, #1355, .T. ) ;
#717 = CARTESIAN_POINT ( 'NONE',  ( 17.62499999999999645, 15.00000000000000000, -42.79999999999999005 ) ) ;
#718 = FACE_BOUND ( 'NONE', #3145, .T. ) ;
#719 = EDGE_CURVE ( 'NONE', #3264, #2548, #2464, .T. ) ;
#720 = ORIENTED_EDGE ( 'NONE', *, *, #858, .F. ) ;
#721 = AXIS2_PLACEMENT_3D ( 'NONE', #556, #853, #315 ) ;
#722 = FACE_OUTER_BOUND ( 'NONE', #1633, .T. ) ;
#723 = FACE_OUTER_BOUND ( 'NONE', #137, .T. ) ;
#724 = DIRECTION ( 'NONE',  ( 0.000000000000000000, -0.000000000000000000, 1.000000000000000000 ) ) ;
#725 = ORIENTED_EDGE ( 'NONE', *, *, #2577, .F. ) ;
#726 = CIRCLE ( 'NONE', #2520, 3.750000000000000000 ) ;
#727 = EDGE_CURVE ( 'NONE', #918, #2147, #131, .T. ) ;
#728 = AXIS2_PLACEMENT_3D ( 'NONE', #2377, #227, #555 ) ;
#729 = CARTESIAN_POINT ( 'NONE',  ( 17.62499999999999645, 17.49999999999999645, 42.80000000000000426 ) ) ;
#730 = VERTEX_POINT ( 'NONE', #59 ) ;
#731 = VECTOR ( 'NONE', #3159, 1000.000000000000000 ) ;
#732 = AXIS2_PLACEMENT_3D ( 'NONE', #1671, #91, #1435 ) ;
#733 = ORIENTED_EDGE ( 'NONE', *, *, #259, .F. ) ;
#734 = ORIENTED_EDGE ( 'NONE', *, *, #2740, .T. ) ;
#735 = LINE ( 'NONE', #1764, #1084 ) ;
#736 = DIRECTION ( 'NONE',  ( -1.000000000000000000, 0.000000000000000000, 0.000000000000000000 ) ) ;
#737 = ORIENTED_EDGE ( 'NONE', *, *, #581, .T. ) ;
#738 = LINE ( 'NONE', #1783, #952 ) ;
#739 = CYLINDRICAL_SURFACE ( 'NONE', #3003, 2.249999999999998668 ) ;
#740 = DIRECTION ( 'NONE',  ( 0.000000000000000000, 0.000000000000000000, -1.000000000000000000 ) ) ;
#741 = ORIENTED_EDGE ( 'NONE', *, *, #1176, .T. ) ;
#742 = ADVANCED_FACE ( 'NONE', ( #2961 ), #887, .F. ) ;
#743 = CARTESIAN_POINT ( 'NONE',  ( -27.77499999999999858, 7.499999999999998224, -34.06999999999998607 ) ) ;
#744 = ORIENTED_EDGE ( 'NONE', *, *, #2316, .T. ) ;
#745 = VERTEX_POINT ( 'NONE', #367 ) ;
#746 = ORIENTED_EDGE ( 'NONE', *, *, #2990, .T. ) ;
#747 = DIRECTION ( 'NONE',  ( -1.000000000000000000, 0.000000000000000000, 0.000000000000000000 ) ) ;
#748 = DIRECTION ( 'NONE',  ( 0.000000000000000000, -0.000000000000000000, 1.000000000000000000 ) ) ;
#749 = ORIENTED_EDGE ( 'NONE', *, *, #2759, .F. ) ;
#750 = DIRECTION ( 'NONE',  ( 0.000000000000000000, -1.000000000000000000, 0.000000000000000000 ) ) ;
#751 = CARTESIAN_POINT ( 'NONE',  ( 0.000000000000000000, 15.00000000000000000, 0.000000000000000000 ) ) ;
#752 = DIRECTION ( 'NONE',  ( 0.000000000000000000, 0.000000000000000000, 1.000000000000000000 ) ) ;
#753 = VERTEX_POINT ( 'NONE', #597 ) ;
#754 = EDGE_CURVE ( 'NONE', #1277, #163, #904, .T. ) ;
#755 = CARTESIAN_POINT ( 'NONE',  ( 27.77499999999999858, 17.49999999999999645, -34.06999999999998607 ) ) ;
#756 = ORIENTED_EDGE ( 'NONE', *, *, #1614, .F. ) ;
#757 = EDGE_CURVE ( 'NONE', #1885, #320, #111, .T. ) ;
#758 = CARTESIAN_POINT ( 'NONE',  ( -20.00000000000000000, 17.49999999999999645, 29.99999999999998934 ) ) ;
#759 = EDGE_LOOP ( 'NONE', ( #1131, #651, #761, #972, #2033, #1300, #1788 ) ) ;
#760 = AXIS2_PLACEMENT_3D ( 'NONE', #392, #411, #1146 ) ;
#761 = ORIENTED_EDGE ( 'NONE', *, *, #1886, .T. ) ;
#762 = LINE ( 'NONE', #2659, #1566 ) ;
#763 = PLANE ( 'NONE',  #2027 ) ;
#764 = ORIENTED_EDGE ( 'NONE', *, *, #3066, .F. ) ;
#765 = LINE ( 'NONE', #2301, #2528 ) ;
#766 = AXIS2_PLACEMENT_3D ( 'NONE', #1418, #1216, #1991 ) ;
#767 = DIRECTION ( 'NONE',  ( -0.000000000000000000, -1.000000000000000000, -0.000000000000000000 ) ) ;
#768 = CARTESIAN_POINT ( 'NONE',  ( -20.00000000000000000, 0.000000000000000000, 32.25000000000000711 ) ) ;
#769 = VECTOR ( 'NONE', #3000, 1000.000000000000000 ) ;
#770 = CARTESIAN_POINT ( 'NONE',  ( 20.00000000000000000, 17.49999999999999645, 29.99999999999998934 ) ) ;
#771 = DIRECTION ( 'NONE',  ( -0.000000000000000000, 1.000000000000000000, -0.000000000000000000 ) ) ;
#772 = CARTESIAN_POINT ( 'NONE',  ( 38.18999999999999773, 0.000000000000000000, -42.79999999999998295 ) ) ;
#773 = VECTOR ( 'NONE', #1263, 1000.000000000000000 ) ;
#774 = VECTOR ( 'NONE', #96, 1000.000000000000000 ) ;
#775 = DIRECTION ( 'NONE',  ( -0.000000000000000000, 1.000000000000000000, -0.000000000000000000 ) ) ;
#776 = ORIENTED_EDGE ( 'NONE', *, *, #2979, .T. ) ;
#777 = ORIENTED_EDGE ( 'NONE', *, *, #928, .T. ) ;
#778 = VECTOR ( 'NONE', #1979, 1000.000000000000000 ) ;
#779 = ORIENTED_EDGE ( 'NONE', *, *, #2990, .F. ) ;
#780 = VECTOR ( 'NONE', #1349, 1000.000000000000000 ) ;
#781 = CARTESIAN_POINT ( 'NONE',  ( -30.00000000000000000, 17.49999999999999645, 42.80000000000000426 ) ) ;
#782 = FACE_OUTER_BOUND ( 'NONE', #1162, .T. ) ;
#783 = CARTESIAN_POINT ( 'NONE',  ( -33.49999999999999289, 17.49999999999999645, 42.80000000000000426 ) ) ;
#784 = EDGE_CURVE ( 'NONE', #3052, #1949, #1899, .T. ) ;
#785 = VERTEX_POINT ( 'NONE', #917 ) ;
#786 = PLANE ( 'NONE',  #1145 ) ;
#787 = DIRECTION ( 'NONE',  ( 0.000000000000000000, 1.000000000000000000, 0.000000000000000000 ) ) ;
#788 = CYLINDRICAL_SURFACE ( 'NONE', #2278, 2.249999999999998668 ) ;
#789 = DIRECTION ( 'NONE',  ( 0.000000000000000000, 0.000000000000000000, -1.000000000000000000 ) ) ;
#790 = CARTESIAN_POINT ( 'NONE',  ( -20.00000000000000000, 12.49999999999999645, -33.74999999999998579 ) ) ;
#791 = DIRECTION ( 'NONE',  ( -1.000000000000000000, 0.000000000000000000, -9.084700057485244233E-17 ) ) ;
#792 = CARTESIAN_POINT ( 'NONE',  ( 17.62499999999999645, 17.49999999999999645, -27.09795330843901695 ) ) ;
#793 = DIRECTION ( 'NONE',  ( 0.000000000000000000, 1.000000000000000000, 0.000000000000000000 ) ) ;
#794 = ORIENTED_EDGE ( 'NONE', *, *, #2151, .T. ) ;
#795 = ORIENTED_EDGE ( 'NONE', *, *, #2676, .F. ) ;
#796 = ORIENTED_EDGE ( 'NONE', *, *, #1812, .F. ) ;
#797 = ADVANCED_FACE ( 'NONE', ( #2974 ), #2193, .F. ) ;
#798 = CARTESIAN_POINT ( 'NONE',  ( -1.749999999999999778, -70.67152385711368368, 0.000000000000000000 ) ) ;
#799 = CARTESIAN_POINT ( 'NONE',  ( -20.00000000000000000, 17.49999999999999645, -29.99999999999998934 ) ) ;
#800 = CARTESIAN_POINT ( 'NONE',  ( 30.00000000000000000, 17.49999999999999645, -31.05141175381601926 ) ) ;
#801 = EDGE_CURVE ( 'NONE', #1498, #1168, #662, .T. ) ;
#802 = VERTEX_POINT ( 'NONE', #178 ) ;
#803 = DIRECTION ( 'NONE',  ( -1.000000000000000000, 0.000000000000000000, 0.000000000000000000 ) ) ;
#804 = DIRECTION ( 'NONE',  ( 0.000000000000000000, 0.000000000000000000, 1.000000000000000000 ) ) ;
#805 = DIRECTION ( 'NONE',  ( 0.000000000000000000, 0.000000000000000000, -1.000000000000000000 ) ) ;
#806 = CARTESIAN_POINT ( 'NONE',  ( 0.000000000000000000, 15.00000000000000000, 0.000000000000000000 ) ) ;
#807 = CARTESIAN_POINT ( 'NONE',  ( 31.75000000000000000, 15.00000000000000000, 35.70000000000000284 ) ) ;
#808 = ORIENTED_EDGE ( 'NONE', *, *, #2882, .T. ) ;
#809 = LINE ( 'NONE', #3368, #442 ) ;
#810 = APPROVAL_PERSON_ORGANIZATION ( #168, #1237, #1463 ) ;
#811 = FACE_OUTER_BOUND ( 'NONE', #958, .T. ) ;
#812 = EDGE_LOOP ( 'NONE', ( #247, #2300, #1014, #2102 ) ) ;
#813 = ORIENTED_EDGE ( 'NONE', *, *, #2732, .T. ) ;
#814 = ORIENTED_EDGE ( 'NONE', *, *, #1367, .F. ) ;
#815 = CARTESIAN_POINT ( 'NONE',  ( -25.56500000000000483, 17.49999999999999645, -42.79999999999999005 ) ) ;
#816 = DIRECTION ( 'NONE',  ( 1.000000000000000000, 0.000000000000000000, -9.084700057485245466E-17 ) ) ;
#817 = CARTESIAN_POINT ( 'NONE',  ( 6.184999999999996056, 17.49999999999999645, -42.79999999999999005 ) ) ;
#818 = VECTOR ( 'NONE', #120, 1000.000000000000000 ) ;
#819 = EDGE_CURVE ( 'NONE', #477, #2185, #1234, .T. ) ;
#820 = ORIENTED_EDGE ( 'NONE', *, *, #1966, .T. ) ;
#821 = EDGE_CURVE ( 'NONE', #837, #802, #3006, .T. ) ;
#822 = CARTESIAN_POINT ( 'NONE',  ( 17.62499999999999645, 12.49999999999999645, 27.09795330843901695 ) ) ;
#823 = CARTESIAN_POINT ( 'NONE',  ( 31.75000000000000000, 15.00000000000000000, 39.45000000000000284 ) ) ;
#824 = CARTESIAN_POINT ( 'NONE',  ( 17.62499999999999645, 15.00000000000000000, -32.90204669156096173 ) ) ;
#825 = EDGE_CURVE ( 'NONE', #696, #2223, #3067, .T. ) ;
#826 = AXIS2_PLACEMENT_3D ( 'NONE', #1057, #2675, #2876 ) ;
#827 = CARTESIAN_POINT ( 'NONE',  ( 30.00000000000000000, 7.499999999999998224, -37.08858824618395289 ) ) ;
#828 = LINE ( 'NONE', #2818, #1864 ) ;
#829 = CARTESIAN_POINT ( 'NONE',  ( 0.000000000000000000, 15.00000000000000000, 0.000000000000000000 ) ) ;
#830 = LINE ( 'NONE', #2136, #169 ) ;
#831 = EDGE_CURVE ( 'NONE', #592, #2763, #894, .T. ) ;
#832 = AXIS2_PLACEMENT_3D ( 'NONE', #40, #2155, #1674 ) ;
#833 = VECTOR ( 'NONE', #332, 1000.000000000000000 ) ;
#834 = CARTESIAN_POINT ( 'NONE',  ( 0.000000000000000000, 17.49999999999999645, 0.000000000000000000 ) ) ;
#835 = ORIENTED_EDGE ( 'NONE', *, *, #2283, .T. ) ;
#836 = AXIS2_PLACEMENT_3D ( 'NONE', #2095, #494, #2074 ) ;
#837 = VERTEX_POINT ( 'NONE', #145 ) ;
#838 = CARTESIAN_POINT ( 'NONE',  ( 0.000000000000000000, 17.49999999999999645, 0.000000000000000000 ) ) ;
#839 = CARTESIAN_POINT ( 'NONE',  ( 3.888251624603685478E-15, 17.49999999999999645, 42.80000000000000426 ) ) ;
#840 = DIRECTION ( 'NONE',  ( 0.000000000000000000, 0.000000000000000000, 1.000000000000000000 ) ) ;
#841 = VECTOR ( 'NONE', #1952, 1000.000000000000000 ) ;
#842 = AXIS2_PLACEMENT_3D ( 'NONE', #1119, #2922, #1080 ) ;
#843 = ORIENTED_EDGE ( 'NONE', *, *, #3079, .T. ) ;
#844 = DIRECTION ( 'NONE',  ( 0.000000000000000000, -0.000000000000000000, 1.000000000000000000 ) ) ;
#845 = CARTESIAN_POINT ( 'NONE',  ( 33.50000000000000711, 15.00000000000000000, 0.000000000000000000 ) ) ;
#846 = DATE_AND_TIME ( #3165, #1677 ) ;
#847 = VECTOR ( 'NONE', #1466, 1000.000000000000000 ) ;
#848 = PRODUCT_DEFINITION_SHAPE ( 'NONE', 'NONE',  #1421 ) ;
#849 = ORIENTED_EDGE ( 'NONE', *, *, #1680, .T. ) ;
#850 = EDGE_CURVE ( 'NONE', #561, #3122, #3049, .T. ) ;
#851 = DIRECTION ( 'NONE',  ( 0.000000000000000000, 0.000000000000000000, -1.000000000000000000 ) ) ;
#852 = DIRECTION ( 'NONE',  ( 0.000000000000000000, 0.000000000000000000, 1.000000000000000000 ) ) ;
#853 = DIRECTION ( 'NONE',  ( -0.000000000000000000, 1.000000000000000000, -0.000000000000000000 ) ) ;
#854 = CARTESIAN_POINT ( 'NONE',  ( -25.56500000000000483, 17.49999999999999645, -31.04041256934213777 ) ) ;
#855 = DIRECTION ( 'NONE',  ( 0.000000000000000000, 0.000000000000000000, 1.000000000000000000 ) ) ;
#856 = ORIENTED_EDGE ( 'NONE', *, *, #1198, .F. ) ;
#857 = ORIENTED_EDGE ( 'NONE', *, *, #3229, .F. ) ;
#858 = EDGE_CURVE ( 'NONE', #2324, #1260, #1773, .T. ) ;
#859 = DIRECTION ( 'NONE',  ( 0.000000000000000000, 0.000000000000000000, -1.000000000000000000 ) ) ;
#860 = DIRECTION ( 'NONE',  ( -0.000000000000000000, 1.000000000000000000, -0.000000000000000000 ) ) ;
#861 = ORIENTED_EDGE ( 'NONE', *, *, #2105, .T. ) ;
#862 = CARTESIAN_POINT ( 'NONE',  ( 6.184999999999996056, 15.00000000000000000, -42.79999999999999005 ) ) ;
#863 = CARTESIAN_POINT ( 'NONE',  ( 17.62499999999999645, 17.49999999999999645, -42.79999999999999005 ) ) ;
#864 = ORIENTED_EDGE ( 'NONE', *, *, #656, .T. ) ;
#865 = CARTESIAN_POINT ( 'NONE',  ( -6.184999999999997833, 15.00000000000000000, 0.000000000000000000 ) ) ;
#866 = DIRECTION ( 'NONE',  ( 0.000000000000000000, 0.000000000000000000, 1.000000000000000000 ) ) ;
#867 = DIRECTION ( 'NONE',  ( 0.000000000000000000, 0.000000000000000000, 1.000000000000000000 ) ) ;
#868 = CARTESIAN_POINT ( 'NONE',  ( -22.06499999999999773, 17.49999999999999645, 33.13021964085588422 ) ) ;
#869 = EDGE_CURVE ( 'NONE', #1082, #837, #1471, .T. ) ;
#870 = CARTESIAN_POINT ( 'NONE',  ( 9.685000000000005826, -70.67152385711368368, -42.79999999999999005 ) ) ;
#871 = ORIENTED_EDGE ( 'NONE', *, *, #2180, .T. ) ;
#872 = EDGE_LOOP ( 'NONE', ( #2892, #3292, #1847, #1173 ) ) ;
#873 = FACE_OUTER_BOUND ( 'NONE', #1068, .T. ) ;
#874 = CARTESIAN_POINT ( 'NONE',  ( 25.56499999999999773, 7.499999999999998224, -37.09958743065783437 ) ) ;
#875 = ADVANCED_FACE ( 'NONE', ( #1440 ), #2495, .F. ) ;
#876 = EDGE_LOOP ( 'NONE', ( #1488, #1827 ) ) ;
#877 = AXIS2_PLACEMENT_3D ( 'NONE', #346, #1181, #1685 ) ;
#878 = CARTESIAN_POINT ( 'NONE',  ( -25.56500000000000483, 17.49999999999999645, 0.000000000000000000 ) ) ;
#879 = APPROVAL_ROLE ( '' ) ;
#880 = VECTOR ( 'NONE', #1073, 1000.000000000000000 ) ;
#881 = EDGE_LOOP ( 'NONE', ( #578, #3157, #1758, #2601, #744, #2441, #1044 ) ) ;
#882 = DIRECTION ( 'NONE',  ( 0.000000000000000000, 1.000000000000000000, 0.000000000000000000 ) ) ;
#883 = FACE_OUTER_BOUND ( 'NONE', #2258, .T. ) ;
#884 = LINE ( 'NONE', #579, #61 ) ;
#885 = ORIENTED_EDGE ( 'NONE', *, *, #90, .T. ) ;
#886 = AXIS2_PLACEMENT_3D ( 'NONE', #665, #1936, #1696 ) ;
#887 = CYLINDRICAL_SURFACE ( 'NONE', #348, 3.750000000000003553 ) ;
#888 = ORIENTED_EDGE ( 'NONE', *, *, #2316, .F. ) ;
#889 = CIRCLE ( 'NONE', #935, 3.750000000000000000 ) ;
#890 = VERTEX_POINT ( 'NONE', #1221 ) ;
#891 = LINE ( 'NONE', #1650, #982 ) ;
#892 = AXIS2_PLACEMENT_3D ( 'NONE', #1290, #767, #1308 ) ;
#893 = ORIENTED_EDGE ( 'NONE', *, *, #2428, .F. ) ;
#894 = CIRCLE ( 'NONE', #2903, 3.750000000000000000 ) ;
#895 = EDGE_CURVE ( 'NONE', #1082, #2695, #3318, .T. ) ;
#896 = CARTESIAN_POINT ( 'NONE',  ( -22.06499999999999773, 12.49999999999999645, -33.13021964085588422 ) ) ;
#897 = AXIS2_PLACEMENT_3D ( 'NONE', #1243, #736, #1497 ) ;
#898 = ORIENTED_EDGE ( 'NONE', *, *, #2664, .T. ) ;
#899 = CARTESIAN_POINT ( 'NONE',  ( 3.888251624603685478E-15, 17.49999999999999645, 42.80000000000000426 ) ) ;
#900 = AXIS2_PLACEMENT_3D ( 'NONE', #493, #2285, #2578 ) ;
#901 = CYLINDRICAL_SURFACE ( 'NONE', #1103, 3.750000000000000000 ) ;
#902 = DIRECTION ( 'NONE',  ( 0.000000000000000000, 0.000000000000000000, -1.000000000000000000 ) ) ;
#903 = EDGE_LOOP ( 'NONE', ( #2745, #2345, #1940, #2449 ) ) ;
#904 = LINE ( 'NONE', #3241, #128 ) ;
#905 = ORIENTED_EDGE ( 'NONE', *, *, #2519, .F. ) ;
#906 = EDGE_LOOP ( 'NONE', ( #1235, #3339, #2508, #871 ) ) ;
#907 = LINE ( 'NONE', #135, #1851 ) ;
#908 = ADVANCED_FACE ( 'NONE', ( #1739 ), #3034, .F. ) ;
#909 = VERTEX_POINT ( 'NONE', #2257 ) ;
#910 = ADVANCED_FACE ( 'NONE', ( #3288 ), #708, .F. ) ;
#911 = DIRECTION ( 'NONE',  ( 0.000000000000000000, -0.000000000000000000, -1.000000000000000000 ) ) ;
#912 = ORIENTED_EDGE ( 'NONE', *, *, #1818, .T. ) ;
#913 = CARTESIAN_POINT ( 'NONE',  ( 0.000000000000000000, 15.00000000000000000, 0.000000000000000000 ) ) ;
#914 = LINE ( 'NONE', #2221, #2 ) ;
#915 = DIRECTION ( 'NONE',  ( 0.000000000000000000, 0.000000000000000000, 1.000000000000000000 ) ) ;
#916 = ORIENTED_EDGE ( 'NONE', *, *, #1219, .F. ) ;
#917 = CARTESIAN_POINT ( 'NONE',  ( 30.00000000000000000, 15.00000000000000000, 32.38337520964460481 ) ) ;
#918 = VERTEX_POINT ( 'NONE', #997 ) ;
#919 = DIRECTION ( 'NONE',  ( 0.000000000000000000, -0.000000000000000000, 1.000000000000000000 ) ) ;
#920 = ORIENTED_EDGE ( 'NONE', *, *, #2740, .F. ) ;
#921 = DIRECTION ( 'NONE',  ( -0.000000000000000000, -1.000000000000000000, -0.000000000000000000 ) ) ;
#922 = DIRECTION ( 'NONE',  ( 0.000000000000000000, 0.000000000000000000, -1.000000000000000000 ) ) ;
#923 = EDGE_CURVE ( 'NONE', #2032, #730, #679, .T. ) ;
#924 = ORIENTED_EDGE ( 'NONE', *, *, #727, .F. ) ;
#925 = CARTESIAN_POINT ( 'NONE',  ( 38.18999999999999773, 15.00000000000000000, -42.79999999999998295 ) ) ;
#926 = DIRECTION ( 'NONE',  ( -0.000000000000000000, 1.000000000000000000, -0.000000000000000000 ) ) ;
#927 = LINE ( 'NONE', #1187, #1584 ) ;
#928 = EDGE_CURVE ( 'NONE', #2855, #1059, #3256, .T. ) ;
#929 = VECTOR ( 'NONE', #2018, 1000.000000000000000 ) ;
#930 = ORIENTED_EDGE ( 'NONE', *, *, #2333, .T. ) ;
#931 = FACE_OUTER_BOUND ( 'NONE', #218, .T. ) ;
#932 = ORIENTED_EDGE ( 'NONE', *, *, #2968, .F. ) ;
#933 = ADVANCED_FACE ( 'NONE', ( #2786 ), #195, .T. ) ;
#934 = CARTESIAN_POINT ( 'NONE',  ( 14.12500000000000355, 17.49999999999999645, 42.80000000000000426 ) ) ;
#935 = AXIS2_PLACEMENT_3D ( 'NONE', #1045, #2790, #1493 ) ;
#936 = ORIENTED_EDGE ( 'NONE', *, *, #1753, .T. ) ;
#937 = CARTESIAN_POINT ( 'NONE',  ( -30.00000000000000000, 17.49999999999999645, -42.79999999999999005 ) ) ;
#938 = CARTESIAN_POINT ( 'NONE',  ( 20.00000000000000000, 12.49999999999999645, 29.99999999999998934 ) ) ;
#939 = AXIS2_PLACEMENT_3D ( 'NONE', #829, #3350, #1026 ) ;
#940 = CIRCLE ( 'NONE', #1802, 3.750000000000000000 ) ;
#941 = VERTEX_POINT ( 'NONE', #729 ) ;
#942 = CARTESIAN_POINT ( 'NONE',  ( 0.000000000000000000, 17.49999999999999645, 0.000000000000000000 ) ) ;
#943 = CARTESIAN_POINT ( 'NONE',  ( 38.18999999999999062, 0.000000000000000000, 42.79999999999999716 ) ) ;
#944 = PLANE ( 'NONE',  #1102 ) ;
#945 = CIRCLE ( 'NONE', #2843, 3.750000000000000000 ) ;
#946 = ORIENTED_EDGE ( 'NONE', *, *, #2092, .F. ) ;
#947 = ADVANCED_FACE ( 'NONE', ( #931 ), #978, .F. ) ;
#948 = AXIS2_PLACEMENT_3D ( 'NONE', #1567, #2152, #1822 ) ;
#949 = CARTESIAN_POINT ( 'NONE',  ( -6.184999999999997833, -70.67152385711368368, 42.80000000000000426 ) ) ;
#950 = ORIENTED_EDGE ( 'NONE', *, *, #1400, .F. ) ;
#951 = ADVANCED_FACE ( 'NONE', ( #2549, #297 ), #1268, .T. ) ;
#952 = VECTOR ( 'NONE', #2317, 1000.000000000000000 ) ;
#953 = DIRECTION ( 'NONE',  ( 0.000000000000000000, 0.000000000000000000, 1.000000000000000000 ) ) ;
#954 = VERTEX_POINT ( 'NONE', #1516 ) ;
#955 = ORIENTED_EDGE ( 'NONE', *, *, #869, .T. ) ;
#956 = LINE ( 'NONE', #1274, #1684 ) ;
#957 = DIRECTION ( 'NONE',  ( 0.000000000000000000, 0.000000000000000000, -1.000000000000000000 ) ) ;
#958 = EDGE_LOOP ( 'NONE', ( #2691, #2219, #2934, #888 ) ) ;
#959 = CARTESIAN_POINT ( 'NONE',  ( 38.18999999999999773, 0.000000000000000000, -42.79999999999998295 ) ) ;
#960 = DIRECTION ( 'NONE',  ( 0.000000000000000000, 0.000000000000000000, 1.000000000000000000 ) ) ;
#961 = DIRECTION ( 'NONE',  ( 0.000000000000000000, 0.000000000000000000, 1.000000000000000000 ) ) ;
#962 = ORIENTED_EDGE ( 'NONE', *, *, #197, .T. ) ;
#963 = DIRECTION ( 'NONE',  ( 0.000000000000000000, 0.000000000000000000, 1.000000000000000000 ) ) ;
#964 = ORIENTED_EDGE ( 'NONE', *, *, #1939, .F. ) ;
#965 = EDGE_CURVE ( 'NONE', #981, #3244, #2831, .T. ) ;
#966 = EDGE_CURVE ( 'NONE', #2052, #3070, #2635, .T. ) ;
#967 = DIRECTION ( 'NONE',  ( 1.000000000000000000, -0.000000000000000000, -9.084700057485245466E-17 ) ) ;
#968 = ORIENTED_EDGE ( 'NONE', *, *, #2314, .F. ) ;
#969 = ORIENTED_EDGE ( 'NONE', *, *, #2015, .T. ) ;
#970 = CARTESIAN_POINT ( 'NONE',  ( 25.56499999999999773, 15.00000000000000000, 0.000000000000000000 ) ) ;
#971 = CARTESIAN_POINT ( 'NONE',  ( 6.184999999999996056, -70.67152385711368368, -6.267093866189571908E-17 ) ) ;
#972 = ORIENTED_EDGE ( 'NONE', *, *, #502, .T. ) ;
#973 = AXIS2_PLACEMENT_3D ( 'NONE', #1010, #17, #993 ) ;
#974 = DIRECTION ( 'NONE',  ( 0.000000000000000000, 0.000000000000000000, 1.000000000000000000 ) ) ;
#975 = DIRECTION ( 'NONE',  ( 0.000000000000000000, 0.000000000000000000, 1.000000000000000000 ) ) ;
#976 = CARTESIAN_POINT ( 'NONE',  ( -31.75000000000000000, 15.00000000000000000, 35.70000000000000284 ) ) ;
#977 = ORIENTED_EDGE ( 'NONE', *, *, #3008, .F. ) ;
#978 = CYLINDRICAL_SURFACE ( 'NONE', #3222, 3.750000000000003553 ) ;
#979 = ORIENTED_EDGE ( 'NONE', *, *, #2986, .F. ) ;
#980 = VECTOR ( 'NONE', #699, 1000.000000000000000 ) ;
#981 = VERTEX_POINT ( 'NONE', #2583 ) ;
#982 = VECTOR ( 'NONE', #683, 1000.000000000000000 ) ;
#983 = ORIENTED_EDGE ( 'NONE', *, *, #1503, .F. ) ;
#984 = ADVANCED_FACE ( 'NONE', ( #2885 ), #2307, .F. ) ;
#985 = CARTESIAN_POINT ( 'NONE',  ( 20.00000000000000000, 12.49999999999999645, -27.74999999999999289 ) ) ;
#986 = CARTESIAN_POINT ( 'NONE',  ( 1.750000000000000222, 17.49999999999999645, 42.80000000000000426 ) ) ;
#987 = EDGE_CURVE ( 'NONE', #981, #2328, #1803, .T. ) ;
#988 = AXIS2_PLACEMENT_3D ( 'NONE', #198, #22, #2852 ) ;
#989 = ORIENTED_EDGE ( 'NONE', *, *, #3231, .T. ) ;
#990 = VECTOR ( 'NONE', #1589, 1000.000000000000000 ) ;
#991 = DIRECTION ( 'NONE',  ( -0.000000000000000000, 1.000000000000000000, -0.000000000000000000 ) ) ;
#992 = FACE_OUTER_BOUND ( 'NONE', #1376, .T. ) ;
#993 = DIRECTION ( 'NONE',  ( 0.000000000000000000, 0.000000000000000000, -1.000000000000000000 ) ) ;
#994 = ORIENTED_EDGE ( 'NONE', *, *, #369, .T. ) ;
#995 = CIRCLE ( 'NONE', #3005, 3.750000000000000000 ) ;
#996 = VECTOR ( 'NONE', #3246, 1000.000000000000000 ) ;
#997 = CARTESIAN_POINT ( 'NONE',  ( -30.00000000000000000, 17.49999999999999645, -37.08858824618395289 ) ) ;
#998 = ORIENTED_EDGE ( 'NONE', *, *, #3233, .F. ) ;
#999 = AXIS2_PLACEMENT_3D ( 'NONE', #799, #2875, #1089 ) ;
#1000 = CIRCLE ( 'NONE', #2911, 3.750000000000000000 ) ;
#1001 = ORIENTED_EDGE ( 'NONE', *, *, #1400, .T. ) ;
#1002 = ORIENTED_EDGE ( 'NONE', *, *, #1959, .T. ) ;
#1003 = DIRECTION ( 'NONE',  ( 0.000000000000000000, -1.000000000000000000, 0.000000000000000000 ) ) ;
#1004 = FACE_OUTER_BOUND ( 'NONE', #3309, .T. ) ;
#1005 = ADVANCED_FACE ( 'NONE', ( #38 ), #2114, .T. ) ;
#1006 = ORIENTED_EDGE ( 'NONE', *, *, #3129, .T. ) ;
#1007 = APPROVAL ( #2165, '未指定' ) ;
#1008 = LINE ( 'NONE', #3074, #2472 ) ;
#1009 = FACE_OUTER_BOUND ( 'NONE', #1305, .T. ) ;
#1010 = CARTESIAN_POINT ( 'NONE',  ( 1.750000000000000222, -70.67152385711368368, 0.000000000000000000 ) ) ;
#1011 = ORIENTED_EDGE ( 'NONE', *, *, #850, .T. ) ;
#1012 = EDGE_CURVE ( 'NONE', #1363, #193, #1535, .T. ) ;
#1013 = DIRECTION ( 'NONE',  ( 0.000000000000000000, 0.000000000000000000, 1.000000000000000000 ) ) ;
#1014 = ORIENTED_EDGE ( 'NONE', *, *, #1058, .F. ) ;
#1015 = DIRECTION ( 'NONE',  ( -1.000000000000000000, 0.000000000000000000, -9.084700057485244233E-17 ) ) ;
#1016 = ORIENTED_EDGE ( 'NONE', *, *, #1856, .T. ) ;
#1017 = ORIENTED_EDGE ( 'NONE', *, *, #2632, .F. ) ;
#1018 = FACE_OUTER_BOUND ( 'NONE', #3242, .T. ) ;
#1019 = CARTESIAN_POINT ( 'NONE',  ( 0.000000000000000000, 0.000000000000000000, 0.000000000000000000 ) ) ;
#1020 = ORIENTED_EDGE ( 'NONE', *, *, #1058, .T. ) ;
#1021 = LINE ( 'NONE', #3344, #1324 ) ;
#1022 = DIRECTION ( 'NONE',  ( 0.000000000000000000, 0.000000000000000000, 1.000000000000000000 ) ) ;
#1023 = CARTESIAN_POINT ( 'NONE',  ( -22.06499999999999773, 17.49999999999999645, 0.000000000000000000 ) ) ;
#1024 = AXIS2_PLACEMENT_3D ( 'NONE', #2839, #2312, #508 ) ;
#1025 = CARTESIAN_POINT ( 'NONE',  ( 20.00000000000000000, 12.49999999999999645, -29.99999999999999289 ) ) ;
#1026 = DIRECTION ( 'NONE',  ( 0.000000000000000000, -0.000000000000000000, 1.000000000000000000 ) ) ;
#1027 = CARTESIAN_POINT ( 'NONE',  ( -1.749999999999999778, -70.67152385711368368, 42.80000000000000426 ) ) ;
#1028 = EDGE_CURVE ( 'NONE', #745, #1949, #2079, .T. ) ;
#1029 = DIRECTION ( 'NONE',  ( 0.000000000000000000, 1.000000000000000000, 0.000000000000000000 ) ) ;
#1030 = EDGE_LOOP ( 'NONE', ( #3301, #2977, #2711, #1011 ) ) ;
#1031 = ORIENTED_EDGE ( 'NONE', *, *, #2759, .T. ) ;
#1032 = ORIENTED_EDGE ( 'NONE', *, *, #581, .F. ) ;
#1033 = DIRECTION ( 'NONE',  ( -0.000000000000000000, -1.000000000000000000, -0.000000000000000000 ) ) ;
#1034 = CARTESIAN_POINT ( 'NONE',  ( -17.62500000000000000, 17.49999999999999645, -32.90204669156096884 ) ) ;
#1035 = AXIS2_PLACEMENT_3D ( 'NONE', #99, #1395, #1410 ) ;
#1036 = VERTEX_POINT ( 'NONE', #3080 ) ;
#1037 = PLANE ( 'NONE',  #3091 ) ;
#1038 = VECTOR ( 'NONE', #1224, 1000.000000000000000 ) ;
#1039 = CARTESIAN_POINT ( 'NONE',  ( 31.75000000000000000, 7.499999999999998224, 39.45000000000000284 ) ) ;
#1040 = CARTESIAN_POINT ( 'NONE',  ( -20.00000000000000000, 17.49999999999999645, -33.74999999999998579 ) ) ;
#1041 = VECTOR ( 'NONE', #2154, 1000.000000000000000 ) ;
#1042 = DIRECTION ( 'NONE',  ( 0.000000000000000000, 0.000000000000000000, 1.000000000000000000 ) ) ;
#1043 = DIRECTION ( 'NONE',  ( -0.000000000000000000, -1.000000000000000000, -0.000000000000000000 ) ) ;
#1044 = ORIENTED_EDGE ( 'NONE', *, *, #361, .F. ) ;
#1045 = CARTESIAN_POINT ( 'NONE',  ( -27.77499999999999858, 17.49999999999999645, -34.06999999999998607 ) ) ;
#1046 = VECTOR ( 'NONE', #2364, 1000.000000000000000 ) ;
#1047 = EDGE_CURVE ( 'NONE', #1521, #2588, #1163, .T. ) ;
#1048 = CIRCLE ( 'NONE', #177, 3.750000000000000000 ) ;
#1049 = EDGE_CURVE ( 'NONE', #1269, #616, #2320, .T. ) ;
#1050 = DIRECTION ( 'NONE',  ( -9.084700057485245466E-17, 0.000000000000000000, -1.000000000000000000 ) ) ;
#1051 = ORIENTED_EDGE ( 'NONE', *, *, #2085, .T. ) ;
#1052 = ORIENTED_EDGE ( 'NONE', *, *, #2676, .T. ) ;
#1053 = AXIS2_PLACEMENT_3D ( 'NONE', #1287, #3072, #3042 ) ;
#1054 = ORIENTED_EDGE ( 'NONE', *, *, #2200, .T. ) ;
#1055 = DIRECTION ( 'NONE',  ( -0.000000000000000000, 1.000000000000000000, -0.000000000000000000 ) ) ;
#1056 = CARTESIAN_POINT ( 'NONE',  ( -22.06499999999999773, 15.00000000000000000, -0.000000000000000000 ) ) ;
#1057 = CARTESIAN_POINT ( 'NONE',  ( -20.00000000000000000, 12.49999999999999645, -29.99999999999998934 ) ) ;
#1058 = EDGE_CURVE ( 'NONE', #2223, #1999, #3009, .T. ) ;
#1059 = VERTEX_POINT ( 'NONE', #2867 ) ;
#1060 = LINE ( 'NONE', #1620, #2003 ) ;
#1061 = DIRECTION ( 'NONE',  ( 0.000000000000000000, 1.000000000000000000, -0.000000000000000000 ) ) ;
#1062 = FACE_OUTER_BOUND ( 'NONE', #812, .T. ) ;
#1063 = CARTESIAN_POINT ( 'NONE',  ( -17.62500000000000000, 17.49999999999999645, 27.09795330843900985 ) ) ;
#1064 = FACE_OUTER_BOUND ( 'NONE', #170, .T. ) ;
#1065 = DIRECTION ( 'NONE',  ( 0.000000000000000000, -1.000000000000000000, 0.000000000000000000 ) ) ;
#1066 = CARTESIAN_POINT ( 'NONE',  ( -20.00000000000000000, 17.49999999999999645, 29.99999999999998934 ) ) ;
#1067 = CARTESIAN_POINT ( 'NONE',  ( -22.06499999999999773, 15.00000000000000000, 26.86978035914409091 ) ) ;
#1068 = EDGE_LOOP ( 'NONE', ( #1723, #3340, #1909, #1811, #2554, #1507, #1434, #746 ) ) ;
#1069 = EDGE_CURVE ( 'NONE', #715, #496, #1593, .T. ) ;
#1070 = VERTEX_POINT ( 'NONE', #2850 ) ;
#1071 = EDGE_CURVE ( 'NONE', #1408, #3244, #1048, .T. ) ;
#1072 = EDGE_LOOP ( 'NONE', ( #160, #1218, #2034, #499 ) ) ;
#1073 = DIRECTION ( 'NONE',  ( 0.000000000000000000, -1.000000000000000000, 0.000000000000000000 ) ) ;
#1074 = PLANE ( 'NONE',  #1167 ) ;
#1075 = LINE ( 'NONE', #2386, #1576 ) ;
#1076 = ORIENTED_EDGE ( 'NONE', *, *, #1178, .T. ) ;
#1077 = EDGE_CURVE ( 'NONE', #2147, #1256, #1482, .T. ) ;
#1078 = LINE ( 'NONE', #2406, #1759 ) ;
#1079 = DIRECTION ( 'NONE',  ( 0.000000000000000000, 0.000000000000000000, -1.000000000000000000 ) ) ;
#1080 = DIRECTION ( 'NONE',  ( 0.000000000000000000, 0.000000000000000000, 1.000000000000000000 ) ) ;
#1081 = DIRECTION ( 'NONE',  ( 0.000000000000000000, 0.000000000000000000, 1.000000000000000000 ) ) ;
#1082 = VERTEX_POINT ( 'NONE', #20 ) ;
#1083 = DIRECTION ( 'NONE',  ( 0.000000000000000000, 0.000000000000000000, 1.000000000000000000 ) ) ;
#1084 = VECTOR ( 'NONE', #475, 1000.000000000000000 ) ;
#1085 = DIRECTION ( 'NONE',  ( 0.000000000000000000, 0.000000000000000000, 1.000000000000000000 ) ) ;
#1086 = EDGE_LOOP ( 'NONE', ( #2125, #835, #404, #547 ) ) ;
#1087 = ORIENTED_EDGE ( 'NONE', *, *, #2298, .F. ) ;
#1088 = DIRECTION ( 'NONE',  ( 0.000000000000000000, 0.000000000000000000, 1.000000000000000000 ) ) ;
#1089 = DIRECTION ( 'NONE',  ( 0.000000000000000000, 0.000000000000000000, 1.000000000000000000 ) ) ;
#1090 = CARTESIAN_POINT ( 'NONE',  ( 38.18999999999999773, 15.00000000000000000, -42.79999999999998295 ) ) ;
#1091 = ADVANCED_FACE ( 'NONE', ( #1064 ), #2098, .T. ) ;
#1092 = ORIENTED_EDGE ( 'NONE', *, *, #966, .F. ) ;
#1093 = EDGE_CURVE ( 'NONE', #2185, #366, #12, .T. ) ;
#1094 = DIRECTION ( 'NONE',  ( -1.000000000000000000, 0.000000000000000000, 0.000000000000000000 ) ) ;
#1095 = DIRECTION ( 'NONE',  ( 0.000000000000000000, 1.000000000000000000, 0.000000000000000000 ) ) ;
#1096 = ORIENTED_EDGE ( 'NONE', *, *, #2877, .F. ) ;
#1097 = VECTOR ( 'NONE', #65, 1000.000000000000000 ) ;
#1098 = CARTESIAN_POINT ( 'NONE',  ( -33.49999999999999289, 15.00000000000000000, -0.000000000000000000 ) ) ;
#1099 = CARTESIAN_POINT ( 'NONE',  ( -30.00000000000000000, 15.00000000000000000, -0.000000000000000000 ) ) ;
#1100 = LINE ( 'NONE', #245, #1310 ) ;
#1101 = DIRECTION ( 'NONE',  ( -0.000000000000000000, 1.000000000000000000, -0.000000000000000000 ) ) ;
#1102 = AXIS2_PLACEMENT_3D ( 'NONE', #1977, #1722, #2762 ) ;
#1103 = AXIS2_PLACEMENT_3D ( 'NONE', #2956, #2668, #629 ) ;
#1104 = LINE ( 'NONE', #1692, #1375 ) ;
#1105 = EDGE_LOOP ( 'NONE', ( #2688, #2672 ) ) ;
#1106 = AXIS2_PLACEMENT_3D ( 'NONE', #758, #1029, #2101 ) ;
#1107 = ORIENTED_EDGE ( 'NONE', *, *, #966, .T. ) ;
#1108 = CARTESIAN_POINT ( 'NONE',  ( 20.00000000000000000, 17.49999999999999645, -29.99999999999998934 ) ) ;
#1109 = DIRECTION ( 'NONE',  ( -1.000000000000000000, 0.000000000000000000, 0.000000000000000000 ) ) ;
#1110 = LINE ( 'NONE', #783, #1690 ) ;
#1111 = VECTOR ( 'NONE', #209, 1000.000000000000000 ) ;
#1112 = VECTOR ( 'NONE', #1880, 1000.000000000000000 ) ;
#1113 = ORIENTED_EDGE ( 'NONE', *, *, #2241, .T. ) ;
#1114 = CARTESIAN_POINT ( 'NONE',  ( -33.49999999999999289, 15.00000000000000000, -0.000000000000000000 ) ) ;
#1115 = EDGE_CURVE ( 'NONE', #2398, #2548, #828, .T. ) ;
#1116 = CIRCLE ( 'NONE', #80, 3.750000000000000000 ) ;
#1117 = CC_DESIGN_PERSON_AND_ORGANIZATION_ASSIGNMENT ( #2183, #550, ( #1421 ) ) ;
#1118 = ORIENTED_EDGE ( 'NONE', *, *, #923, .F. ) ;
#1119 = CARTESIAN_POINT ( 'NONE',  ( 31.75000000000000000, 15.00000000000000000, 35.70000000000000284 ) ) ;
#1120 = LINE ( 'NONE', #686, #628 ) ;
#1121 = CARTESIAN_POINT ( 'NONE',  ( -25.56500000000000483, 7.499999999999998224, -37.09958743065784148 ) ) ;
#1122 = CARTESIAN_POINT ( 'NONE',  ( -20.00000000000000000, 12.49999999999999645, 29.99999999999998934 ) ) ;
#1123 = DIRECTION ( 'NONE',  ( -0.000000000000000000, 1.000000000000000000, -0.000000000000000000 ) ) ;
#1124 = ORIENTED_EDGE ( 'NONE', *, *, #2468, .T. ) ;
#1125 = ORIENTED_EDGE ( 'NONE', *, *, #923, .T. ) ;
#1126 = DIRECTION ( 'NONE',  ( -1.000000000000000000, 0.000000000000000000, -9.084700057485244233E-17 ) ) ;
#1127 = LINE ( 'NONE', #3143, #2184 ) ;
#1128 = ORIENTED_EDGE ( 'NONE', *, *, #2466, .F. ) ;
#1129 = LINE ( 'NONE', #878, #2991 ) ;
#1130 = APPLICATION_PROTOCOL_DEFINITION ( 'international standard', 'config_control_design', 1994, #207 ) ;
#1131 = ORIENTED_EDGE ( 'NONE', *, *, #1961, .F. ) ;
#1132 = DIRECTION ( 'NONE',  ( -1.000000000000000000, 0.000000000000000000, 0.000000000000000000 ) ) ;
#1133 = DIRECTION ( 'NONE',  ( 0.000000000000000000, 1.000000000000000000, 0.000000000000000000 ) ) ;
#1134 = DIRECTION ( 'NONE',  ( -0.000000000000000000, 1.000000000000000000, -0.000000000000000000 ) ) ;
#1135 = VERTEX_POINT ( 'NONE', #331 ) ;
#1136 = EDGE_CURVE ( 'NONE', #2529, #5, #412, .T. ) ;
#1137 = DIRECTION ( 'NONE',  ( 0.000000000000000000, 1.000000000000000000, 0.000000000000000000 ) ) ;
#1138 = ORIENTED_EDGE ( 'NONE', *, *, #2754, .T. ) ;
#1139 = EDGE_CURVE ( 'NONE', #745, #2735, #1607, .T. ) ;
#1140 = AXIS2_PLACEMENT_3D ( 'NONE', #2624, #1055, #2895 ) ;
#1141 = VERTEX_POINT ( 'NONE', #2153 ) ;
#1142 = CARTESIAN_POINT ( 'NONE',  ( 38.18999999999999773, 15.00000000000000000, -42.79999999999998295 ) ) ;
#1143 = EDGE_CURVE ( 'NONE', #496, #1036, #3323, .T. ) ;
#1144 = ORIENTED_EDGE ( 'NONE', *, *, #2926, .T. ) ;
#1145 = AXIS2_PLACEMENT_3D ( 'NONE', #548, #1819, #2110 ) ;
#1146 = DIRECTION ( 'NONE',  ( 0.000000000000000000, 0.000000000000000000, 1.000000000000000000 ) ) ;
#1147 = APPROVAL_DATE_TIME ( #328, #1007 ) ;
#1148 = ORIENTED_EDGE ( 'NONE', *, *, #2232, .F. ) ;
#1149 = DIRECTION ( 'NONE',  ( 0.000000000000000000, 0.000000000000000000, 1.000000000000000000 ) ) ;
#1150 = DIRECTION ( 'NONE',  ( -1.000000000000000000, 0.000000000000000000, 0.000000000000000000 ) ) ;
#1151 = DIRECTION ( 'NONE',  ( 0.000000000000000000, 0.000000000000000000, 1.000000000000000000 ) ) ;
#1152 = ORIENTED_EDGE ( 'NONE', *, *, #2176, .T. ) ;
#1153 = DIRECTION ( 'NONE',  ( -0.000000000000000000, 1.000000000000000000, -0.000000000000000000 ) ) ;
#1154 = VERTEX_POINT ( 'NONE', #1641 ) ;
#1155 = AXIS2_PLACEMENT_3D ( 'NONE', #1122, #2432, #93 ) ;
#1156 = EDGE_CURVE ( 'NONE', #2548, #3235, #1182, .T. ) ;
#1157 = EDGE_CURVE ( 'NONE', #2497, #1740, #2684, .T. ) ;
#1158 = VECTOR ( 'NONE', #2135, 1000.000000000000000 ) ;
#1159 = ORIENTED_EDGE ( 'NONE', *, *, #2773, .T. ) ;
#1160 = CARTESIAN_POINT ( 'NONE',  ( 6.184999999999996056, 17.49999999999999645, -6.267093866189571908E-17 ) ) ;
#1161 = AXIS2_PLACEMENT_3D ( 'NONE', #2039, #311, #804 ) ;
#1162 = EDGE_LOOP ( 'NONE', ( #2894, #3069, #2964, #396, #1574, #2435, #3073, #1404, #2641, #505 ) ) ;
#1163 = CIRCLE ( 'NONE', #1699, 3.750000000000000000 ) ;
#1164 = PLANE ( 'NONE',  #877 ) ;
#1165 = SHAPE_DEFINITION_REPRESENTATION ( #848, #41 ) ;
#1166 = ADVANCED_FACE ( 'NONE', ( #669 ), #1972, .T. ) ;
#1167 = AXIS2_PLACEMENT_3D ( 'NONE', #64, #1109, #2145 ) ;
#1168 = VERTEX_POINT ( 'NONE', #2907 ) ;
#1169 = PLANE ( 'NONE',  #681 ) ;
#1170 = CIRCLE ( 'NONE', #2639, 2.249999999999998668 ) ;
#1171 = CARTESIAN_POINT ( 'NONE',  ( 17.62499999999999645, 15.00000000000000000, 0.000000000000000000 ) ) ;
#1172 = DIRECTION ( 'NONE',  ( -0.000000000000000000, 1.000000000000000000, -0.000000000000000000 ) ) ;
#1173 = ORIENTED_EDGE ( 'NONE', *, *, #2130, .F. ) ;
#1174 = CARTESIAN_POINT ( 'NONE',  ( -20.00000000000000000, 12.49999999999999645, 27.75000000000001066 ) ) ;
#1175 = ORIENTED_EDGE ( 'NONE', *, *, #27, .F. ) ;
#1176 = EDGE_CURVE ( 'NONE', #1786, #2602, #945, .T. ) ;
#1177 = DIRECTION ( 'NONE',  ( 0.000000000000000000, 0.000000000000000000, -1.000000000000000000 ) ) ;
#1178 = EDGE_CURVE ( 'NONE', #2190, #2591, #2393, .T. ) ;
#1179 = ORIENTED_EDGE ( 'NONE', *, *, #2673, .F. ) ;
#1180 = EDGE_CURVE ( 'NONE', #2921, #2722, #3171, .T. ) ;
#1181 = DIRECTION ( 'NONE',  ( 1.000000000000000000, 0.000000000000000000, 0.000000000000000000 ) ) ;
#1182 = LINE ( 'NONE', #1099, #841 ) ;
#1183 = VERTEX_POINT ( 'NONE', #2412 ) ;
#1184 = EDGE_CURVE ( 'NONE', #3090, #1557, #2692, .T. ) ;
#1185 = FACE_OUTER_BOUND ( 'NONE', #1229, .T. ) ;
#1186 = CARTESIAN_POINT ( 'NONE',  ( 14.12500000000000178, 15.00000000000000000, -42.79999999999998295 ) ) ;
#1187 = CARTESIAN_POINT ( 'NONE',  ( 22.06500000000000483, 12.49999999999999645, -26.86978035914409801 ) ) ;
#1188 = EDGE_LOOP ( 'NONE', ( #1683, #1470, #3319, #2211, #885, #2037, #667, #2410 ) ) ;
#1189 = CARTESIAN_POINT ( 'NONE',  ( -30.00000000000000000, 17.49999999999999645, 0.000000000000000000 ) ) ;
#1190 = ORIENTED_EDGE ( 'NONE', *, *, #3304, .F. ) ;
#1191 = LINE ( 'NONE', #420, #3364 ) ;
#1192 = CC_DESIGN_APPROVAL ( #1007, ( #1421 ) ) ;
#1193 = ORIENTED_EDGE ( 'NONE', *, *, #2754, .F. ) ;
#1194 = CARTESIAN_POINT ( 'NONE',  ( -17.62500000000000000, 15.00000000000000000, -0.000000000000000000 ) ) ;
#1195 = CARTESIAN_POINT ( 'NONE',  ( -17.62500000000000000, 17.49999999999999645, 0.000000000000000000 ) ) ;
#1196 = EDGE_CURVE ( 'NONE', #1557, #2954, #3325, .T. ) ;
#1197 = ORIENTED_EDGE ( 'NONE', *, *, #1364, .T. ) ;
#1198 = EDGE_CURVE ( 'NONE', #1666, #2290, #393, .T. ) ;
#1199 = PLANE ( 'NONE',  #2306 ) ;
#1200 = DIRECTION ( 'NONE',  ( 8.106184467181343233E-17, 0.000000000000000000, -1.000000000000000000 ) ) ;
#1201 = CARTESIAN_POINT ( 'NONE',  ( -38.18999999999999773, 15.00000000000000000, 42.80000000000000426 ) ) ;
#1202 = ORIENTED_EDGE ( 'NONE', *, *, #661, .F. ) ;
#1203 = CARTESIAN_POINT ( 'NONE',  ( -33.49999999999999289, 17.49999999999999645, -42.79999999999999005 ) ) ;
#1204 = ORIENTED_EDGE ( 'NONE', *, *, #259, .T. ) ;
#1205 = CIRCLE ( 'NONE', #988, 3.750000000000000000 ) ;
#1206 = CARTESIAN_POINT ( 'NONE',  ( 20.00000000000000000, 0.000000000000000000, 32.25000000000000000 ) ) ;
#1207 = ORIENTED_EDGE ( 'NONE', *, *, #51, .T. ) ;
#1208 = ORIENTED_EDGE ( 'NONE', *, *, #2259, .T. ) ;
#1209 = CARTESIAN_POINT ( 'NONE',  ( 17.62499999999999645, 17.49999999999999645, 0.000000000000000000 ) ) ;
#1210 = CARTESIAN_POINT ( 'NONE',  ( 20.00000000000000000, 17.49999999999999645, 29.99999999999998934 ) ) ;
#1211 = AXIS2_PLACEMENT_3D ( 'NONE', #1646, #2139, #1662 ) ;
#1212 = CIRCLE ( 'NONE', #2297, 3.750000000000000000 ) ;
#1213 = ORIENTED_EDGE ( 'NONE', *, *, #727, .T. ) ;
#1214 = CARTESIAN_POINT ( 'NONE',  ( -17.62500000000000000, 17.49999999999999645, 0.000000000000000000 ) ) ;
#1215 = CARTESIAN_POINT ( 'NONE',  ( -27.77499999999999858, 7.499999999999998224, -37.81999999999999318 ) ) ;
#1216 = DIRECTION ( 'NONE',  ( -0.000000000000000000, 1.000000000000000000, -0.000000000000000000 ) ) ;
#1217 = AXIS2_PLACEMENT_3D ( 'NONE', #3302, #3021, #963 ) ;
#1218 = ORIENTED_EDGE ( 'NONE', *, *, #2595, .T. ) ;
#1219 = EDGE_CURVE ( 'NONE', #3052, #1476, #2488, .T. ) ;
#1220 = VECTOR ( 'NONE', #700, 1000.000000000000000 ) ;
#1221 = CARTESIAN_POINT ( 'NONE',  ( -22.06499999999999773, 17.49999999999999645, 26.86978035914409091 ) ) ;
#1222 = ORIENTED_EDGE ( 'NONE', *, *, #1136, .T. ) ;
#1223 = ADVANCED_FACE ( 'NONE', ( #167 ), #1881, .F. ) ;
#1224 = DIRECTION ( 'NONE',  ( -0.000000000000000000, 1.000000000000000000, -0.000000000000000000 ) ) ;
#1225 = VERTEX_POINT ( 'NONE', #3263 ) ;
#1226 = ORIENTED_EDGE ( 'NONE', *, *, #2427, .F. ) ;
#1227 = CARTESIAN_POINT ( 'NONE',  ( 25.56499999999999773, 17.49999999999999645, -42.79999999999999005 ) ) ;
#1228 = PLANE ( 'NONE',  #569 ) ;
#1229 = EDGE_LOOP ( 'NONE', ( #44, #1319, #1523, #3257 ) ) ;
#1230 = DIRECTION ( 'NONE',  ( 0.000000000000000000, 1.000000000000000000, 0.000000000000000000 ) ) ;
#1231 = DIRECTION ( 'NONE',  ( -0.000000000000000000, -1.000000000000000000, -0.000000000000000000 ) ) ;
#1232 = CARTESIAN_POINT ( 'NONE',  ( 14.12500000000000355, 17.49999999999999645, 42.80000000000000426 ) ) ;
#1233 = ORIENTED_EDGE ( 'NONE', *, *, #2294, .T. ) ;
#1234 = LINE ( 'NONE', #470, #232 ) ;
#1235 = ORIENTED_EDGE ( 'NONE', *, *, #757, .T. ) ;
#1236 = ADVANCED_FACE ( 'NONE', ( #594, #2923 ), #1624, .T. ) ;
#1237 = APPROVAL ( #2996, '未指定' ) ;
#1238 = EDGE_CURVE ( 'NONE', #2209, #1937, #1120, .T. ) ;
#1239 = CARTESIAN_POINT ( 'NONE',  ( 31.75000000000000000, 15.00000000000000000, 31.94999999999999929 ) ) ;
#1240 = ORIENTED_EDGE ( 'NONE', *, *, #2256, .T. ) ;
#1241 = VERTEX_POINT ( 'NONE', #2667 ) ;
#1242 = CARTESIAN_POINT ( 'NONE',  ( 17.62499999999999645, 17.49999999999999645, 42.80000000000000426 ) ) ;
#1243 = CARTESIAN_POINT ( 'NONE',  ( -14.12499999999999645, 17.49999999999999645, 0.000000000000000000 ) ) ;
#1244 = ORIENTED_EDGE ( 'NONE', *, *, #987, .T. ) ;
#1245 = AXIS2_PLACEMENT_3D ( 'NONE', #2369, #3141, #1578 ) ;
#1246 = LINE ( 'NONE', #1529, #1384 ) ;
#1247 = CARTESIAN_POINT ( 'NONE',  ( 25.56499999999999773, 15.00000000000000000, 0.000000000000000000 ) ) ;
#1248 = DIRECTION ( 'NONE',  ( 0.000000000000000000, 0.000000000000000000, -1.000000000000000000 ) ) ;
#1249 = ORIENTED_EDGE ( 'NONE', *, *, #3123, .F. ) ;
#1250 = CARTESIAN_POINT ( 'NONE',  ( -1.749999999999999778, -70.67152385711368368, -42.79999999999999005 ) ) ;
#1251 = VERTEX_POINT ( 'NONE', #2505 ) ;
#1252 = ADVANCED_FACE ( 'NONE', ( #2036 ), #3296, .T. ) ;
#1253 = ORIENTED_EDGE ( 'NONE', *, *, #831, .T. ) ;
#1254 = ADVANCED_FACE ( 'NONE', ( #1544 ), #1228, .F. ) ;
#1255 = VECTOR ( 'NONE', #2437, 1000.000000000000000 ) ;
#1256 = VERTEX_POINT ( 'NONE', #3327 ) ;
#1257 = CARTESIAN_POINT ( 'NONE',  ( -30.00000000000000000, 17.49999999999999645, 32.38337520964460481 ) ) ;
#1258 = CARTESIAN_POINT ( 'NONE',  ( -17.62500000000000000, 15.00000000000000000, -27.09795330843900985 ) ) ;
#1259 = CIRCLE ( 'NONE', #1854, 3.750000000000000000 ) ;
#1260 = VERTEX_POINT ( 'NONE', #441 ) ;
#1261 = AXIS2_PLACEMENT_3D ( 'NONE', #3268, #2492, #1769 ) ;
#1262 = CARTESIAN_POINT ( 'NONE',  ( -1.749999999999999778, 17.49999999999999645, 42.80000000000000426 ) ) ;
#1263 = DIRECTION ( 'NONE',  ( -0.000000000000000000, -1.000000000000000000, -0.000000000000000000 ) ) ;
#1264 = LINE ( 'NONE', #1309, #427 ) ;
#1265 = ORIENTED_EDGE ( 'NONE', *, *, #2888, .T. ) ;
#1266 = AXIS2_PLACEMENT_3D ( 'NONE', #280, #1050, #2889 ) ;
#1267 = VECTOR ( 'NONE', #2157, 1000.000000000000000 ) ;
#1268 = PLANE ( 'NONE',  #289 ) ;
#1269 = VERTEX_POINT ( 'NONE', #986 ) ;
#1270 = VECTOR ( 'NONE', #3187, 1000.000000000000000 ) ;
#1271 = VECTOR ( 'NONE', #15, 1000.000000000000000 ) ;
#1272 = VERTEX_POINT ( 'NONE', #461 ) ;
#1273 = EDGE_LOOP ( 'NONE', ( #1020, #154 ) ) ;
#1274 = CARTESIAN_POINT ( 'NONE',  ( 33.50000000000000711, 17.49999999999999645, 0.000000000000000000 ) ) ;
#1275 = FACE_OUTER_BOUND ( 'NONE', #357, .T. ) ;
#1276 = ADVANCED_FACE ( 'NONE', ( #1004 ), #763, .T. ) ;
#1277 = VERTEX_POINT ( 'NONE', #220 ) ;
#1278 = DIRECTION ( 'NONE',  ( -1.000000000000000000, 0.000000000000000000, 0.000000000000000000 ) ) ;
#1279 = DIRECTION ( 'NONE',  ( 0.000000000000000000, 0.000000000000000000, 1.000000000000000000 ) ) ;
#1280 = CARTESIAN_POINT ( 'NONE',  ( 1.750000000000000222, 14.99999999999997158, 42.80000000000000426 ) ) ;
#1281 = DIRECTION ( 'NONE',  ( 0.000000000000000000, 0.000000000000000000, 1.000000000000000000 ) ) ;
#1282 = DIRECTION ( 'NONE',  ( -0.000000000000000000, -1.000000000000000000, -0.000000000000000000 ) ) ;
#1283 = CARTESIAN_POINT ( 'NONE',  ( 20.00000000000000000, 12.49999999999999645, 33.74999999999998579 ) ) ;
#1284 = VERTEX_POINT ( 'NONE', #1258 ) ;
#1285 = ORIENTED_EDGE ( 'NONE', *, *, #2043, .T. ) ;
#1286 = CYLINDRICAL_SURFACE ( 'NONE', #1140, 3.750000000000000000 ) ;
#1287 = CARTESIAN_POINT ( 'NONE',  ( 22.06500000000000483, 17.49999999999999645, 0.000000000000000000 ) ) ;
#1288 = ORIENTED_EDGE ( 'NONE', *, *, #1322, .T. ) ;
#1289 = DIRECTION ( 'NONE',  ( 0.000000000000000000, 1.000000000000000000, -0.000000000000000000 ) ) ;
#1290 = CARTESIAN_POINT ( 'NONE',  ( 20.00000000000000000, 12.49999999999999645, 30.00000000000000355 ) ) ;
#1291 = PLANE ( 'NONE',  #648 ) ;
#1292 = EDGE_CURVE ( 'NONE', #1900, #837, #2051, .T. ) ;
#1293 = ADVANCED_FACE ( 'NONE', ( #2001 ), #2796, .T. ) ;
#1294 = LINE ( 'NONE', #274, #1112 ) ;
#1295 = DIRECTION ( 'NONE',  ( 0.000000000000000000, 1.000000000000000000, 0.000000000000000000 ) ) ;
#1296 = DIRECTION ( 'NONE',  ( -0.000000000000000000, 1.000000000000000000, -0.000000000000000000 ) ) ;
#1297 = CARTESIAN_POINT ( 'NONE',  ( -17.62500000000000000, 17.49999999999999645, 42.80000000000000426 ) ) ;
#1298 = DIRECTION ( 'NONE',  ( 0.000000000000000000, 0.000000000000000000, 1.000000000000000000 ) ) ;
#1299 = ORIENTED_EDGE ( 'NONE', *, *, #1818, .F. ) ;
#1300 = ORIENTED_EDGE ( 'NONE', *, *, #215, .T. ) ;
#1301 = ORIENTED_EDGE ( 'NONE', *, *, #326, .T. ) ;
#1302 = DIRECTION ( 'NONE',  ( 0.000000000000000000, 0.000000000000000000, 1.000000000000000000 ) ) ;
#1303 = CARTESIAN_POINT ( 'NONE',  ( -17.62500000000000000, 17.49999999999999645, 32.90204669156096884 ) ) ;
#1304 = DIRECTION ( 'NONE',  ( -0.000000000000000000, 1.000000000000000000, -0.000000000000000000 ) ) ;
#1305 = EDGE_LOOP ( 'NONE', ( #303, #165, #2225, #1423, #2716, #741, #484, #633 ) ) ;
#1306 = LINE ( 'NONE', #512, #1436 ) ;
#1307 = AXIS2_PLACEMENT_3D ( 'NONE', #1352, #1660, #2379 ) ;
#1308 = DIRECTION ( 'NONE',  ( 0.000000000000000000, 0.000000000000000000, 1.000000000000000000 ) ) ;
#1309 = CARTESIAN_POINT ( 'NONE',  ( -17.62500000000000000, 17.49999999999999645, 0.000000000000000000 ) ) ;
#1310 = VECTOR ( 'NONE', #1351, 1000.000000000000000 ) ;
#1311 = CARTESIAN_POINT ( 'NONE',  ( 17.62499999999999645, 17.49999999999999645, 0.000000000000000000 ) ) ;
#1312 = CARTESIAN_POINT ( 'NONE',  ( -20.00000000000000000, 17.49999999999999645, -29.99999999999998934 ) ) ;
#1313 = DIRECTION ( 'NONE',  ( -0.000000000000000000, 1.000000000000000000, -0.000000000000000000 ) ) ;
#1314 = DIRECTION ( 'NONE',  ( -0.000000000000000000, -1.000000000000000000, -0.000000000000000000 ) ) ;
#1315 = ADVANCED_FACE ( 'NONE', ( #2282 ), #2556, .F. ) ;
#1316 = VECTOR ( 'NONE', #81, 1000.000000000000000 ) ;
#1317 = ADVANCED_FACE ( 'NONE', ( #2811, #1510, #1795, #718, #1748 ), #2019, .F. ) ;
#1318 = CARTESIAN_POINT ( 'NONE',  ( 22.06500000000000483, 15.00000000000000000, -26.86978035914409801 ) ) ;
#1319 = ORIENTED_EDGE ( 'NONE', *, *, #486, .F. ) ;
#1320 = ORIENTED_EDGE ( 'NONE', *, *, #3293, .T. ) ;
#1321 = VECTOR ( 'NONE', #1432, 1000.000000000000000 ) ;
#1322 = EDGE_CURVE ( 'NONE', #2328, #981, #2470, .T. ) ;
#1323 = ORIENTED_EDGE ( 'NONE', *, *, #2065, .F. ) ;
#1324 = VECTOR ( 'NONE', #2053, 1000.000000000000000 ) ;
#1325 = PLANE ( 'NONE',  #1245 ) ;
#1326 = CARTESIAN_POINT ( 'NONE',  ( 3.888251624603683901E-15, 17.49999999999999645, -42.79999999999999005 ) ) ;
#1327 = CARTESIAN_POINT ( 'NONE',  ( 17.62499999999999645, 15.00000000000000000, 27.09795330843901695 ) ) ;
#1328 = ORIENTED_EDGE ( 'NONE', *, *, #2882, .F. ) ;
#1329 = DIRECTION ( 'NONE',  ( -0.000000000000000000, -1.000000000000000000, -0.000000000000000000 ) ) ;
#1330 = PLANE ( 'NONE',  #2574 ) ;
#1331 = COORDINATED_UNIVERSAL_TIME_OFFSET ( 8, 0, .AHEAD. ) ;
#1332 = LINE ( 'NONE', #2683, #2739 ) ;
#1333 = CARTESIAN_POINT ( 'NONE',  ( 3.888251624603685478E-15, 17.49999999999999645, 42.80000000000000426 ) ) ;
#1334 = ORIENTED_EDGE ( 'NONE', *, *, #784, .F. ) ;
#1335 = DIRECTION ( 'NONE',  ( -0.000000000000000000, 1.000000000000000000, -0.000000000000000000 ) ) ;
#1336 = DIRECTION ( 'NONE',  ( -1.000000000000000000, 0.000000000000000000, 0.000000000000000000 ) ) ;
#1337 = ORIENTED_EDGE ( 'NONE', *, *, #1750, .T. ) ;
#1338 = ADVANCED_FACE ( 'NONE', ( #2824 ), #3028, .F. ) ;
#1339 = EDGE_CURVE ( 'NONE', #2771, #481, #1973, .T. ) ;
#1340 = ORIENTED_EDGE ( 'NONE', *, *, #3266, .T. ) ;
#1341 = DIRECTION ( 'NONE',  ( 0.000000000000000000, 1.000000000000000000, 0.000000000000000000 ) ) ;
#1342 = FACE_OUTER_BOUND ( 'NONE', #1381, .T. ) ;
#1343 = DIRECTION ( 'NONE',  ( 0.000000000000000000, 1.000000000000000000, -0.000000000000000000 ) ) ;
#1344 = ORIENTED_EDGE ( 'NONE', *, *, #819, .F. ) ;
#1345 = DIRECTION ( 'NONE',  ( -1.000000000000000000, 0.000000000000000000, 0.000000000000000000 ) ) ;
#1346 = DIRECTION ( 'NONE',  ( -0.000000000000000000, 1.000000000000000000, -0.000000000000000000 ) ) ;
#1347 = DIRECTION ( 'NONE',  ( 1.000000000000000000, 0.000000000000000000, 0.000000000000000000 ) ) ;
#1348 = EDGE_CURVE ( 'NONE', #2324, #3090, #237, .T. ) ;
#1349 = DIRECTION ( 'NONE',  ( 0.000000000000000000, -1.000000000000000000, 0.000000000000000000 ) ) ;
#1350 = DIRECTION ( 'NONE',  ( 0.000000000000000000, 0.000000000000000000, -1.000000000000000000 ) ) ;
#1351 = DIRECTION ( 'NONE',  ( -1.000000000000000000, 0.000000000000000000, -9.084700057485244233E-17 ) ) ;
#1352 = CARTESIAN_POINT ( 'NONE',  ( -20.00000000000000000, 0.000000000000000000, -29.99999999999998934 ) ) ;
#1353 = VECTOR ( 'NONE', #3363, 1000.000000000000000 ) ;
#1354 = PRODUCT ( '\X2\8f6c63a5677f\X0\', '\X2\8f6c63a5677f\X0\', '', ( #2902 ) ) ;
#1355 = LINE ( 'NONE', #3206, #1316 ) ;
#1356 = ORIENTED_EDGE ( 'NONE', *, *, #407, .F. ) ;
#1357 = ORIENTED_EDGE ( 'NONE', *, *, #354, .T. ) ;
#1358 = ADVANCED_FACE ( 'NONE', ( #1275 ), #2775, .T. ) ;
#1359 = DIRECTION ( 'NONE',  ( 0.000000000000000000, 0.000000000000000000, 1.000000000000000000 ) ) ;
#1360 = CARTESIAN_POINT ( 'NONE',  ( -33.49999999999999289, 17.49999999999999645, 0.000000000000000000 ) ) ;
#1361 = DIRECTION ( 'NONE',  ( 0.000000000000000000, 0.000000000000000000, -1.000000000000000000 ) ) ;
#1362 = CC_DESIGN_DATE_AND_TIME_ASSIGNMENT ( #3216, #1837, ( #1421 ) ) ;
#1363 = VERTEX_POINT ( 'NONE', #250 ) ;
#1364 = EDGE_CURVE ( 'NONE', #336, #592, #188, .T. ) ;
#1365 = CARTESIAN_POINT ( 'NONE',  ( -17.62500000000000000, 17.49999999999999645, 0.000000000000000000 ) ) ;
#1366 = PERSON_AND_ORGANIZATION_ROLE ( 'design_supplier' ) ;
#1367 = EDGE_CURVE ( 'NONE', #196, #318, #2069, .T. ) ;
#1368 = DIRECTION ( 'NONE',  ( 0.000000000000000000, 1.000000000000000000, 0.000000000000000000 ) ) ;
#1369 = DIRECTION ( 'NONE',  ( -0.000000000000000000, 1.000000000000000000, -0.000000000000000000 ) ) ;
#1370 = DIRECTION ( 'NONE',  ( 0.000000000000000000, 1.000000000000000000, -0.000000000000000000 ) ) ;
#1371 = CARTESIAN_POINT ( 'NONE',  ( 20.00000000000000000, 12.49999999999999645, 29.99999999999998934 ) ) ;
#1372 = AXIS2_PLACEMENT_3D ( 'NONE', #1371, #1134, #2686 ) ;
#1373 = DIRECTION ( 'NONE',  ( 0.000000000000000000, 0.000000000000000000, 1.000000000000000000 ) ) ;
#1374 = ORIENTED_EDGE ( 'NONE', *, *, #1542, .F. ) ;
#1375 = VECTOR ( 'NONE', #335, 1000.000000000000000 ) ;
#1376 = EDGE_LOOP ( 'NONE', ( #2929, #158, #3179, #2002 ) ) ;
#1377 = LINE ( 'NONE', #2932, #290 ) ;
#1378 = CARTESIAN_POINT ( 'NONE',  ( 31.75000000000000000, 15.00000000000000000, 35.70000000000000284 ) ) ;
#1379 = VECTOR ( 'NONE', #1369, 1000.000000000000000 ) ;
#1380 = CIRCLE ( 'NONE', #1599, 3.750000000000003553 ) ;
#1381 = EDGE_LOOP ( 'NONE', ( #2166, #634 ) ) ;
#1382 = PRODUCT_RELATED_PRODUCT_CATEGORY ( 'detail', '', ( #1354 ) ) ;
#1383 = CARTESIAN_POINT ( 'NONE',  ( -33.49999999999999289, 17.49999999999999645, 0.000000000000000000 ) ) ;
#1384 = VECTOR ( 'NONE', #3092, 1000.000000000000000 ) ;
#1385 = EDGE_CURVE ( 'NONE', #119, #2607, #2107, .T. ) ;
#1386 = ORIENTED_EDGE ( 'NONE', *, *, #1139, .T. ) ;
#1387 = FACE_OUTER_BOUND ( 'NONE', #94, .T. ) ;
#1388 = CARTESIAN_POINT ( 'NONE',  ( 38.18999999999999062, 15.00000000000000000, 42.79999999999999716 ) ) ;
#1389 = FACE_OUTER_BOUND ( 'NONE', #114, .T. ) ;
#1390 = VERTEX_POINT ( 'NONE', #1579 ) ;
#1391 = EDGE_CURVE ( 'NONE', #481, #366, #266, .T. ) ;
#1392 = DIRECTION ( 'NONE',  ( 0.000000000000000000, 0.000000000000000000, -1.000000000000000000 ) ) ;
#1393 = ORIENTED_EDGE ( 'NONE', *, *, #3144, .F. ) ;
#1394 = ORIENTED_EDGE ( 'NONE', *, *, #326, .F. ) ;
#1395 = DIRECTION ( 'NONE',  ( -0.000000000000000000, -1.000000000000000000, -0.000000000000000000 ) ) ;
#1396 = ORIENTED_EDGE ( 'NONE', *, *, #2673, .T. ) ;
#1397 = CARTESIAN_POINT ( 'NONE',  ( -20.00000000000000000, 17.49999999999999645, 29.99999999999998934 ) ) ;
#1398 = CALENDAR_DATE ( 2025, 31, 5 ) ;
#1399 = ORIENTED_EDGE ( 'NONE', *, *, #1545, .F. ) ;
#1400 = EDGE_CURVE ( 'NONE', #2398, #561, #1872, .T. ) ;
#1401 = DIRECTION ( 'NONE',  ( 0.000000000000000000, 1.000000000000000000, 0.000000000000000000 ) ) ;
#1402 = CARTESIAN_POINT ( 'NONE',  ( -20.00000000000000000, 12.49999999999999645, 26.24999999999998934 ) ) ;
#1403 = CARTESIAN_POINT ( 'NONE',  ( 1.750000000000000222, 15.00000000000000000, -42.79999999999999005 ) ) ;
#1404 = ORIENTED_EDGE ( 'NONE', *, *, #2215, .F. ) ;
#1405 = EDGE_CURVE ( 'NONE', #1168, #802, #1377, .T. ) ;
#1406 = DIRECTION ( 'NONE',  ( -0.000000000000000000, -1.000000000000000000, -0.000000000000000000 ) ) ;
#1407 = LOCAL_TIME ( 13, 38, 10.00000000000000000, #294 ) ;
#1408 = VERTEX_POINT ( 'NONE', #1034 ) ;
#1409 = VERTEX_POINT ( 'NONE', #2916 ) ;
#1410 = DIRECTION ( 'NONE',  ( 0.000000000000000000, 0.000000000000000000, 1.000000000000000000 ) ) ;
#1411 =( GEOMETRIC_REPRESENTATION_CONTEXT ( 3 ) GLOBAL_UNCERTAINTY_ASSIGNED_CONTEXT ( ( #2585 ) ) GLOBAL_UNIT_ASSIGNED_CONTEXT ( ( #2952, #1892, #2937 ) ) REPRESENTATION_CONTEXT ( 'NONE', 'WORKASPACE' ) );
#1412 = VERTEX_POINT ( 'NONE', #3108 ) ;
#1413 = DIRECTION ( 'NONE',  ( 0.000000000000000000, 0.000000000000000000, -1.000000000000000000 ) ) ;
#1414 = CALENDAR_DATE ( 2025, 31, 5 ) ;
#1415 = ORIENTED_EDGE ( 'NONE', *, *, #2966, .T. ) ;
#1416 = LINE ( 'NONE', #627, #3059 ) ;
#1417 = LINE ( 'NONE', #2443, #833 ) ;
#1418 = CARTESIAN_POINT ( 'NONE',  ( 27.77499999999999858, 7.499999999999998224, -34.06999999999998607 ) ) ;
#1419 = ORIENTED_EDGE ( 'NONE', *, *, #2817, .T. ) ;
#1420 = AXIS2_PLACEMENT_3D ( 'NONE', #649, #2753, #2179 ) ;
#1421 = PRODUCT_DEFINITION ( '未知', '', #2606, #2720 ) ;
#1422 = CARTESIAN_POINT ( 'NONE',  ( 27.77499999999999858, 7.499999999999998224, -34.06999999999998607 ) ) ;
#1423 = ORIENTED_EDGE ( 'NONE', *, *, #1047, .T. ) ;
#1424 = CIRCLE ( 'NONE', #2291, 2.249999999999998668 ) ;
#1425 = VECTOR ( 'NONE', #364, 1000.000000000000000 ) ;
#1426 = CARTESIAN_POINT ( 'NONE',  ( 31.75000000000000000, 7.499999999999998224, 35.70000000000000284 ) ) ;
#1427 = AXIS2_PLACEMENT_3D ( 'NONE', #3131, #2111, #528 ) ;
#1428 = EDGE_CURVE ( 'NONE', #1887, #1390, #2385, .T. ) ;
#1429 = EDGE_LOOP ( 'NONE', ( #2315, #2120, #521, #3020 ) ) ;
#1430 = VECTOR ( 'NONE', #1043, 1000.000000000000000 ) ;
#1431 = CARTESIAN_POINT ( 'NONE',  ( -30.00000000000000000, 15.00000000000000000, -0.000000000000000000 ) ) ;
#1432 = DIRECTION ( 'NONE',  ( 0.000000000000000000, 0.000000000000000000, 1.000000000000000000 ) ) ;
#1433 = VECTOR ( 'NONE', #859, 1000.000000000000000 ) ;
#1434 = ORIENTED_EDGE ( 'NONE', *, *, #2904, .T. ) ;
#1435 = DIRECTION ( 'NONE',  ( 0.000000000000000000, 0.000000000000000000, 1.000000000000000000 ) ) ;
#1436 = VECTOR ( 'NONE', #2592, 1000.000000000000000 ) ;
#1437 = DIRECTION ( 'NONE',  ( 0.000000000000000000, -1.000000000000000000, 0.000000000000000000 ) ) ;
#1438 = CARTESIAN_POINT ( 'NONE',  ( -22.06499999999999773, 17.49999999999999645, 42.80000000000000426 ) ) ;
#1439 = VERTEX_POINT ( 'NONE', #602 ) ;
#1440 = FACE_OUTER_BOUND ( 'NONE', #473, .T. ) ;
#1441 = ORIENTED_EDGE ( 'NONE', *, *, #2930, .F. ) ;
#1442 = EDGE_CURVE ( 'NONE', #2292, #2290, #184, .T. ) ;
#1443 = DIRECTION ( 'NONE',  ( -0.000000000000000000, 1.000000000000000000, -0.000000000000000000 ) ) ;
#1444 = ADVANCED_FACE ( 'NONE', ( #782 ), #1888, .T. ) ;
#1445 = ORIENTED_EDGE ( 'NONE', *, *, #552, .T. ) ;
#1446 = CARTESIAN_POINT ( 'NONE',  ( 25.56499999999999773, 17.49999999999999645, 42.80000000000000426 ) ) ;
#1447 = DIRECTION ( 'NONE',  ( 0.000000000000000000, 1.000000000000000000, 0.000000000000000000 ) ) ;
#1448 = ORIENTED_EDGE ( 'NONE', *, *, #2966, .F. ) ;
#1449 = CARTESIAN_POINT ( 'NONE',  ( 30.00000000000000000, 15.00000000000000000, -31.05141175381601926 ) ) ;
#1450 = CARTESIAN_POINT ( 'NONE',  ( 0.000000000000000000, 17.49999999999999645, 0.000000000000000000 ) ) ;
#1451 = LINE ( 'NONE', #3239, #2726 ) ;
#1452 = VERTEX_POINT ( 'NONE', #1849 ) ;
#1453 = DIRECTION ( 'NONE',  ( -8.106184467181343233E-17, 0.000000000000000000, 1.000000000000000000 ) ) ;
#1454 = ORIENTED_EDGE ( 'NONE', *, *, #1391, .T. ) ;
#1455 = FACE_OUTER_BOUND ( 'NONE', #876, .T. ) ;
#1456 = ORIENTED_EDGE ( 'NONE', *, *, #697, .T. ) ;
#1457 = EDGE_CURVE ( 'NONE', #3065, #3228, #47, .T. ) ;
#1458 = VERTEX_POINT ( 'NONE', #1303 ) ;
#1459 = AXIS2_PLACEMENT_3D ( 'NONE', #2426, #3185, #71 ) ;
#1460 = ADVANCED_FACE ( 'NONE', ( #1342 ), #2896, .T. ) ;
#1461 = DIRECTION ( 'NONE',  ( 0.000000000000000000, 0.000000000000000000, 1.000000000000000000 ) ) ;
#1462 = DIRECTION ( 'NONE',  ( 0.000000000000000000, 0.000000000000000000, 1.000000000000000000 ) ) ;
#1463 = APPROVAL_ROLE ( '' ) ;
#1464 = VERTEX_POINT ( 'NONE', #566 ) ;
#1465 = CIRCLE ( 'NONE', #329, 3.750000000000000000 ) ;
#1466 = DIRECTION ( 'NONE',  ( -0.000000000000000000, 1.000000000000000000, -0.000000000000000000 ) ) ;
#1467 = DIRECTION ( 'NONE',  ( 0.000000000000000000, 1.000000000000000000, -0.000000000000000000 ) ) ;
#1468 = CYLINDRICAL_SURFACE ( 'NONE', #766, 3.750000000000000000 ) ;
#1469 = VECTOR ( 'NONE', #2572, 1000.000000000000000 ) ;
#1470 = ORIENTED_EDGE ( 'NONE', *, *, #1180, .F. ) ;
#1471 = LINE ( 'NONE', #1250, #2737 ) ;
#1472 = ORIENTED_EDGE ( 'NONE', *, *, #2213, .T. ) ;
#1473 = AXIS2_PLACEMENT_3D ( 'NONE', #1948, #371, #2992 ) ;
#1474 = VECTOR ( 'NONE', #3119, 1000.000000000000000 ) ;
#1475 = DIRECTION ( 'NONE',  ( 0.000000000000000000, 0.000000000000000000, 1.000000000000000000 ) ) ;
#1476 = VERTEX_POINT ( 'NONE', #1630 ) ;
#1477 = AXIS2_PLACEMENT_3D ( 'NONE', #2168, #2713, #3201 ) ;
#1478 = ORIENTED_EDGE ( 'NONE', *, *, #2538, .T. ) ;
#1479 = LINE ( 'NONE', #2795, #538 ) ;
#1480 = DIRECTION ( 'NONE',  ( 0.000000000000000000, 0.000000000000000000, 1.000000000000000000 ) ) ;
#1481 = CIRCLE ( 'NONE', #3109, 3.750000000000000000 ) ;
#1482 = CIRCLE ( 'NONE', #2467, 3.750000000000000000 ) ;
#1483 = EDGE_LOOP ( 'NONE', ( #1393, #2854, #3330, #68, #2708 ) ) ;
#1484 = DIRECTION ( 'NONE',  ( -1.000000000000000000, 0.000000000000000000, 0.000000000000000000 ) ) ;
#1485 = CARTESIAN_POINT ( 'NONE',  ( 20.00000000000000000, 0.000000000000000000, 30.00000000000000355 ) ) ;
#1486 = CARTESIAN_POINT ( 'NONE',  ( -30.00000000000000000, 15.00000000000000000, 32.38337520964460481 ) ) ;
#1487 = EDGE_CURVE ( 'NONE', #3140, #2962, #10, .T. ) ;
#1488 = ORIENTED_EDGE ( 'NONE', *, *, #1789, .T. ) ;
#1489 = CIRCLE ( 'NONE', #2421, 3.750000000000000000 ) ;
#1490 = DIRECTION ( 'NONE',  ( -1.000000000000000000, 0.000000000000000000, -8.106184467181343233E-17 ) ) ;
#1491 = VERTEX_POINT ( 'NONE', #1559 ) ;
#1492 = EDGE_CURVE ( 'NONE', #2855, #2480, #1601, .T. ) ;
#1493 = DIRECTION ( 'NONE',  ( 0.000000000000000000, 0.000000000000000000, 1.000000000000000000 ) ) ;
#1494 = ORIENTED_EDGE ( 'NONE', *, *, #2530, .F. ) ;
#1495 = ORIENTED_EDGE ( 'NONE', *, *, #600, .T. ) ;
#1496 = CARTESIAN_POINT ( 'NONE',  ( -31.75000000000000000, 7.499999999999998224, 39.45000000000000284 ) ) ;
#1497 = DIRECTION ( 'NONE',  ( 0.000000000000000000, 0.000000000000000000, 1.000000000000000000 ) ) ;
#1498 = VERTEX_POINT ( 'NONE', #30 ) ;
#1499 = LINE ( 'NONE', #2559, #2849 ) ;
#1500 = LINE ( 'NONE', #1215, #446 ) ;
#1501 = DIRECTION ( 'NONE',  ( 0.000000000000000000, 1.000000000000000000, 0.000000000000000000 ) ) ;
#1502 = ORIENTED_EDGE ( 'NONE', *, *, #95, .F. ) ;
#1503 = EDGE_CURVE ( 'NONE', #233, #1183, #323, .T. ) ;
#1504 = DIRECTION ( 'NONE',  ( 0.000000000000000000, 0.000000000000000000, 1.000000000000000000 ) ) ;
#1505 = ORIENTED_EDGE ( 'NONE', *, *, #3348, .F. ) ;
#1506 = EDGE_CURVE ( 'NONE', #2621, #362, #1652, .T. ) ;
#1507 = ORIENTED_EDGE ( 'NONE', *, *, #2173, .F. ) ;
#1508 = ORIENTED_EDGE ( 'NONE', *, *, #3146, .F. ) ;
#1509 = LINE ( 'NONE', #2555, #1681 ) ;
#1510 = FACE_BOUND ( 'NONE', #2171, .T. ) ;
#1511 = ORIENTED_EDGE ( 'NONE', *, *, #45, .T. ) ;
#1512 = CARTESIAN_POINT ( 'NONE',  ( 33.50000000000000711, 15.00000000000000000, 32.38337520964460481 ) ) ;
#1513 = PLANE ( 'NONE',  #1261 ) ;
#1514 = LINE ( 'NONE', #3114, #1781 ) ;
#1515 = ORIENTED_EDGE ( 'NONE', *, *, #3272, .F. ) ;
#1516 = CARTESIAN_POINT ( 'NONE',  ( 38.18999999999999062, 17.49999999999999645, 42.79999999999999716 ) ) ;
#1517 = ORIENTED_EDGE ( 'NONE', *, *, #2571, .F. ) ;
#1518 = CIRCLE ( 'NONE', #2177, 2.249999999999998668 ) ;
#1519 = ADVANCED_FACE ( 'NONE', ( #2401 ), #1074, .T. ) ;
#1520 = EDGE_CURVE ( 'NONE', #2962, #454, #2422, .T. ) ;
#1521 = VERTEX_POINT ( 'NONE', #84 ) ;
#1522 = CIRCLE ( 'NONE', #1035, 2.249999999999998668 ) ;
#1523 = ORIENTED_EDGE ( 'NONE', *, *, #3347, .F. ) ;
#1524 = CARTESIAN_POINT ( 'NONE',  ( 20.00000000000000000, 0.000000000000000000, 27.75000000000000355 ) ) ;
#1525 = CARTESIAN_POINT ( 'NONE',  ( 31.75000000000000000, 7.499999999999998224, 35.70000000000000284 ) ) ;
#1526 = ADVANCED_FACE ( 'NONE', ( #873 ), #3195, .T. ) ;
#1527 = AXIS2_PLACEMENT_3D ( 'NONE', #1590, #3036, #712 ) ;
#1528 = EDGE_LOOP ( 'NONE', ( #199, #2540 ) ) ;
#1529 = CARTESIAN_POINT ( 'NONE',  ( 6.184999999999996056, 15.00000000000000000, -6.267093866189571908E-17 ) ) ;
#1530 = CARTESIAN_POINT ( 'NONE',  ( 22.06500000000000483, 12.49999999999999645, 26.86978035914409801 ) ) ;
#1531 = FACE_OUTER_BOUND ( 'NONE', #3312, .T. ) ;
#1532 = VERTEX_POINT ( 'NONE', #2905 ) ;
#1533 = AXIS2_PLACEMENT_3D ( 'NONE', #751, #1784, #3093 ) ;
#1534 = VECTOR ( 'NONE', #1710, 1000.000000000000000 ) ;
#1535 = LINE ( 'NONE', #256, #1430 ) ;
#1536 = CARTESIAN_POINT ( 'NONE',  ( 38.18999999999999062, 15.00000000000000000, 42.79999999999999716 ) ) ;
#1537 = AXIS2_PLACEMENT_3D ( 'NONE', #339, #2348, #2122 ) ;
#1538 = CARTESIAN_POINT ( 'NONE',  ( -25.56500000000000483, 17.49999999999999645, 42.80000000000000426 ) ) ;
#1539 = VECTOR ( 'NONE', #125, 1000.000000000000000 ) ;
#1540 = EDGE_LOOP ( 'NONE', ( #1782, #2766, #701, #1629, #353, #3334 ) ) ;
#1541 = ORIENTED_EDGE ( 'NONE', *, *, #3290, .T. ) ;
#1542 = EDGE_CURVE ( 'NONE', #1946, #564, #2419, .T. ) ;
#1543 = PLANE ( 'NONE',  #2498 ) ;
#1544 = FACE_OUTER_BOUND ( 'NONE', #1852, .T. ) ;
#1545 = EDGE_CURVE ( 'NONE', #2763, #1657, #1640, .T. ) ;
#1546 = ORIENTED_EDGE ( 'NONE', *, *, #2428, .T. ) ;
#1547 = FACE_OUTER_BOUND ( 'NONE', #82, .T. ) ;
#1548 = DIRECTION ( 'NONE',  ( 0.000000000000000000, 0.000000000000000000, 1.000000000000000000 ) ) ;
#1549 = DIRECTION ( 'NONE',  ( 1.000000000000000000, -0.000000000000000000, -9.084700057485245466E-17 ) ) ;
#1550 = EDGE_CURVE ( 'NONE', #1036, #2890, #1587, .T. ) ;
#1551 = DIRECTION ( 'NONE',  ( 0.000000000000000000, 0.000000000000000000, 1.000000000000000000 ) ) ;
#1552 = CARTESIAN_POINT ( 'NONE',  ( -22.06499999999999773, 17.49999999999999645, 0.000000000000000000 ) ) ;
#1553 = CARTESIAN_POINT ( 'NONE',  ( -17.62500000000000000, 15.00000000000000000, 42.80000000000000426 ) ) ;
#1554 = CARTESIAN_POINT ( 'NONE',  ( 27.77499999999999858, 15.00000000000000000, -34.06999999999998607 ) ) ;
#1555 = ORIENTED_EDGE ( 'NONE', *, *, #2946, .F. ) ;
#1556 = EDGE_LOOP ( 'NONE', ( #764, #930, #2742, #3135 ) ) ;
#1557 = VERTEX_POINT ( 'NONE', #1839 ) ;
#1558 = CARTESIAN_POINT ( 'NONE',  ( -30.00000000000000000, 17.49999999999999645, -42.79999999999999005 ) ) ;
#1559 = CARTESIAN_POINT ( 'NONE',  ( -22.06499999999999773, 17.49999999999999645, 42.80000000000000426 ) ) ;
#1560 = FACE_OUTER_BOUND ( 'NONE', #1664, .T. ) ;
#1561 = ORIENTED_EDGE ( 'NONE', *, *, #3247, .F. ) ;
#1562 = ADVANCED_FACE ( 'NONE', ( #1606 ), #2939, .F. ) ;
#1563 = CARTESIAN_POINT ( 'NONE',  ( -25.56500000000000483, 17.49999999999999645, 0.000000000000000000 ) ) ;
#1564 = CARTESIAN_POINT ( 'NONE',  ( -20.00000000000000000, 12.49999999999999645, -32.24999999999998579 ) ) ;
#1565 = LINE ( 'NONE', #35, #2982 ) ;
#1566 = VECTOR ( 'NONE', #2589, 1000.000000000000000 ) ;
#1567 = CARTESIAN_POINT ( 'NONE',  ( -20.00000000000000000, 0.000000000000000000, 30.00000000000001066 ) ) ;
#1568 = CARTESIAN_POINT ( 'NONE',  ( -27.77499999999999858, 15.00000000000000000, -34.06999999999998607 ) ) ;
#1569 = CARTESIAN_POINT ( 'NONE',  ( 30.00000000000000000, 17.49999999999999645, 32.38337520964460481 ) ) ;
#1570 = CARTESIAN_POINT ( 'NONE',  ( 0.000000000000000000, 17.49999999999999645, 0.000000000000000000 ) ) ;
#1571 = EDGE_CURVE ( 'NONE', #2832, #785, #2304, .T. ) ;
#1572 = VECTOR ( 'NONE', #2526, 1000.000000000000000 ) ;
#1573 = CARTESIAN_POINT ( 'NONE',  ( 30.00000000000000000, 7.499999999999998224, -31.05141175381601926 ) ) ;
#1574 = ORIENTED_EDGE ( 'NONE', *, *, #1520, .T. ) ;
#1575 = ORIENTED_EDGE ( 'NONE', *, *, #1961, .T. ) ;
#1576 = VECTOR ( 'NONE', #545, 1000.000000000000000 ) ;
#1577 = VERTEX_POINT ( 'NONE', #2651 ) ;
#1578 = DIRECTION ( 'NONE',  ( 0.000000000000000000, 0.000000000000000000, 1.000000000000000000 ) ) ;
#1579 = CARTESIAN_POINT ( 'NONE',  ( 22.06500000000000483, 17.49999999999999645, -42.79999999999999005 ) ) ;
#1580 = LINE ( 'NONE', #48, #438 ) ;
#1581 = AXIS2_PLACEMENT_3D ( 'NONE', #2091, #1304, #603 ) ;
#1582 = EDGE_LOOP ( 'NONE', ( #356, #1092, #1357, #2862, #1983, #370, #2768, #2023, #26, #950, #2270, #2812, #1017, #28, #2830, #3232, #1649, #3104, #2008, #1613, #1494, #2544, #264, #1515, #2584, #920, #1240, #1890, #3054, #1829, #2662, #1472, #1997, #3002, #2562, #2514, #2809, #1193, #1118, #2178 ) ) ;
#1583 = DIRECTION ( 'NONE',  ( 0.000000000000000000, 1.000000000000000000, 0.000000000000000000 ) ) ;
#1584 = VECTOR ( 'NONE', #2461, 1000.000000000000000 ) ;
#1585 = DIRECTION ( 'NONE',  ( 0.000000000000000000, 0.000000000000000000, 1.000000000000000000 ) ) ;
#1586 = EDGE_CURVE ( 'NONE', #2142, #2602, #313, .T. ) ;
#1587 = LINE ( 'NONE', #1311, #2906 ) ;
#1588 = DIRECTION ( 'NONE',  ( 0.000000000000000000, 1.000000000000000000, -0.000000000000000000 ) ) ;
#1589 = DIRECTION ( 'NONE',  ( 1.000000000000000000, -0.000000000000000000, -9.084700057485245466E-17 ) ) ;
#1590 = CARTESIAN_POINT ( 'NONE',  ( 0.000000000000000000, 17.49999999999999645, 0.000000000000000000 ) ) ;
#1591 = VECTOR ( 'NONE', #775, 1000.000000000000000 ) ;
#1592 = ADVANCED_FACE ( 'NONE', ( #2392 ), #296, .F. ) ;
#1593 = CIRCLE ( 'NONE', #1648, 3.750000000000000000 ) ;
#1594 = CARTESIAN_POINT ( 'NONE',  ( 3.888251624603685478E-15, 15.00000000000000000, 42.80000000000000426 ) ) ;
#1595 = ORIENTED_EDGE ( 'NONE', *, *, #1196, .T. ) ;
#1596 = EDGE_LOOP ( 'NONE', ( #83, #3087, #89, #969, #343, #1932, #737, #644 ) ) ;
#1597 = VECTOR ( 'NONE', #789, 1000.000000000000000 ) ;
#1598 = VERTEX_POINT ( 'NONE', #55 ) ;
#1599 = AXIS2_PLACEMENT_3D ( 'NONE', #2884, #554, #1894 ) ;
#1600 = DIRECTION ( 'NONE',  ( 0.000000000000000000, 1.000000000000000000, -0.000000000000000000 ) ) ;
#1601 = LINE ( 'NONE', #1326, #1807 ) ;
#1602 = DIRECTION ( 'NONE',  ( 0.000000000000000000, 0.000000000000000000, -1.000000000000000000 ) ) ;
#1603 = ORIENTED_EDGE ( 'NONE', *, *, #1049, .T. ) ;
#1604 = FACE_OUTER_BOUND ( 'NONE', #1483, .T. ) ;
#1605 = CARTESIAN_POINT ( 'NONE',  ( -25.56500000000001194, 15.00000000000000000, -42.79999999999999005 ) ) ;
#1606 = FACE_OUTER_BOUND ( 'NONE', #2214, .T. ) ;
#1607 = LINE ( 'NONE', #3282, #1970 ) ;
#1608 = DIRECTION ( 'NONE',  ( 0.000000000000000000, 0.000000000000000000, 1.000000000000000000 ) ) ;
#1609 = LINE ( 'NONE', #2909, #1742 ) ;
#1610 = EDGE_CURVE ( 'NONE', #2954, #1059, #2614, .T. ) ;
#1611 = EDGE_CURVE ( 'NONE', #1675, #179, #2866, .T. ) ;
#1612 = CARTESIAN_POINT ( 'NONE',  ( 22.06500000000000483, 15.00000000000000000, 42.79999999999999716 ) ) ;
#1613 = ORIENTED_EDGE ( 'NONE', *, *, #110, .F. ) ;
#1614 = EDGE_CURVE ( 'NONE', #281, #444, #2357, .T. ) ;
#1615 = ORIENTED_EDGE ( 'NONE', *, *, #109, .T. ) ;
#1616 = LINE ( 'NONE', #265, #260 ) ;
#1617 = DIRECTION ( 'NONE',  ( 0.000000000000000000, 0.000000000000000000, -1.000000000000000000 ) ) ;
#1618 = CARTESIAN_POINT ( 'NONE',  ( 20.00000000000000000, 12.49999999999999645, 26.24999999999998934 ) ) ;
#1619 = ORIENTED_EDGE ( 'NONE', *, *, #2820, .F. ) ;
#1620 = CARTESIAN_POINT ( 'NONE',  ( 33.50000000000000711, 17.49999999999999645, 0.000000000000000000 ) ) ;
#1621 = PERSON_AND_ORGANIZATION ( #282, #482 ) ;
#1622 = ORIENTED_EDGE ( 'NONE', *, *, #2468, .F. ) ;
#1623 = LINE ( 'NONE', #2666, #1270 ) ;
#1624 = PLANE ( 'NONE',  #235 ) ;
#1625 = FACE_OUTER_BOUND ( 'NONE', #1793, .T. ) ;
#1626 = CARTESIAN_POINT ( 'NONE',  ( -33.49999999999999289, 15.00000000000000000, 32.38337520964459770 ) ) ;
#1627 = DIRECTION ( 'NONE',  ( 0.000000000000000000, 0.000000000000000000, 1.000000000000000000 ) ) ;
#1628 = ORIENTED_EDGE ( 'NONE', *, *, #620, .T. ) ;
#1629 = ORIENTED_EDGE ( 'NONE', *, *, #552, .F. ) ;
#1630 = CARTESIAN_POINT ( 'NONE',  ( 9.685000000000005826, 14.99999999999997158, 42.80000000000000426 ) ) ;
#1631 = CARTESIAN_POINT ( 'NONE',  ( -30.00000000000000000, 15.00000000000000000, 42.80000000000000426 ) ) ;
#1632 = VECTOR ( 'NONE', #2845, 1000.000000000000000 ) ;
#1633 = EDGE_LOOP ( 'NONE', ( #856, #1615, #1051, #2163 ) ) ;
#1634 = EDGE_CURVE ( 'NONE', #1491, #2755, #1332, .T. ) ;
#1635 = CARTESIAN_POINT ( 'NONE',  ( 30.00000000000000000, 15.00000000000000000, 39.01662479035540088 ) ) ;
#1636 = VECTOR ( 'NONE', #860, 1000.000000000000000 ) ;
#1637 = EDGE_LOOP ( 'NONE', ( #1096, #132, #2975, #1328, #2959, #2821 ) ) ;
#1638 = AXIS2_PLACEMENT_3D ( 'NONE', #1066, #2360, #557 ) ;
#1639 = EDGE_CURVE ( 'NONE', #785, #1786, #1294, .T. ) ;
#1640 = LINE ( 'NONE', #1859, #2525 ) ;
#1641 = CARTESIAN_POINT ( 'NONE',  ( -31.75000000000000000, 7.499999999999998224, 31.94999999999999929 ) ) ;
#1642 = LINE ( 'NONE', #1121, #1041 ) ;
#1643 = CYLINDRICAL_SURFACE ( 'NONE', #1372, 3.750000000000000000 ) ;
#1644 = AXIS2_PLACEMENT_3D ( 'NONE', #1552, #2394, #1608 ) ;
#1645 = VECTOR ( 'NONE', #2618, 1000.000000000000000 ) ;
#1646 = CARTESIAN_POINT ( 'NONE',  ( 20.00000000000000000, 0.000000000000000000, 30.00000000000000355 ) ) ;
#1647 = VERTEX_POINT ( 'NONE', #2356 ) ;
#1648 = AXIS2_PLACEMENT_3D ( 'NONE', #770, #532, #1551 ) ;
#1649 = ORIENTED_EDGE ( 'NONE', *, *, #2926, .F. ) ;
#1650 = CARTESIAN_POINT ( 'NONE',  ( -20.00000000000000000, 12.49999999999999645, 33.74999999999998579 ) ) ;
#1651 = EDGE_CURVE ( 'NONE', #2591, #616, #330, .T. ) ;
#1652 = CIRCLE ( 'NONE', #402, 3.750000000000000000 ) ;
#1653 = ORIENTED_EDGE ( 'NONE', *, *, #1738, .F. ) ;
#1654 = EDGE_CURVE ( 'NONE', #715, #2918, #1623, .T. ) ;
#1655 = LINE ( 'NONE', #896, #2501 ) ;
#1656 = COORDINATED_UNIVERSAL_TIME_OFFSET ( 8, 0, .AHEAD. ) ;
#1657 = VERTEX_POINT ( 'NONE', #74 ) ;
#1658 = PLANE ( 'NONE',  #510 ) ;
#1659 = DIRECTION ( 'NONE',  ( 0.000000000000000000, 0.000000000000000000, -1.000000000000000000 ) ) ;
#1660 = DIRECTION ( 'NONE',  ( 0.000000000000000000, 1.000000000000000000, 0.000000000000000000 ) ) ;
#1661 = EDGE_LOOP ( 'NONE', ( #1732, #422, #511, #672 ) ) ;
#1662 = DIRECTION ( 'NONE',  ( 0.000000000000000000, 0.000000000000000000, 1.000000000000000000 ) ) ;
#1663 = ORIENTED_EDGE ( 'NONE', *, *, #2138, .F. ) ;
#1664 = EDGE_LOOP ( 'NONE', ( #439, #450, #989, #1762 ) ) ;
#1665 = DIRECTION ( 'NONE',  ( -1.013273058397667904E-17, 0.000000000000000000, -1.000000000000000000 ) ) ;
#1666 = VERTEX_POINT ( 'NONE', #1063 ) ;
#1667 = DIRECTION ( 'NONE',  ( -0.000000000000000000, -1.000000000000000000, -0.000000000000000000 ) ) ;
#1668 = COORDINATED_UNIVERSAL_TIME_OFFSET ( 8, 0, .AHEAD. ) ;
#1669 = EDGE_CURVE ( 'NONE', #1168, #2032, #2334, .T. ) ;
#1670 = VERTEX_POINT ( 'NONE', #37 ) ;
#1671 = CARTESIAN_POINT ( 'NONE',  ( -20.00000000000000000, 12.49999999999999645, 29.99999999999998934 ) ) ;
#1672 = CARTESIAN_POINT ( 'NONE',  ( 0.000000000000000000, 17.49999999999999645, 0.000000000000000000 ) ) ;
#1673 = EDGE_CURVE ( 'NONE', #2656, #2324, #1380, .T. ) ;
#1674 = DIRECTION ( 'NONE',  ( 0.000000000000000000, 0.000000000000000000, 1.000000000000000000 ) ) ;
#1675 = VERTEX_POINT ( 'NONE', #607 ) ;
#1676 = DIRECTION ( 'NONE',  ( -0.000000000000000000, 1.000000000000000000, -0.000000000000000000 ) ) ;
#1677 = LOCAL_TIME ( 13, 38, 10.00000000000000000, #1331 ) ;
#1678 = ORIENTED_EDGE ( 'NONE', *, *, #895, .T. ) ;
#1679 = AXIS2_PLACEMENT_3D ( 'NONE', #3315, #2610, #2040 ) ;
#1680 = EDGE_CURVE ( 'NONE', #1135, #3235, #2963, .T. ) ;
#1681 = VECTOR ( 'NONE', #219, 1000.000000000000000 ) ;
#1682 = DIRECTION ( 'NONE',  ( 1.000000000000000000, 0.000000000000000000, -9.084700057485245466E-17 ) ) ;
#1683 = ORIENTED_EDGE ( 'NONE', *, *, #180, .F. ) ;
#1684 = VECTOR ( 'NONE', #3071, 1000.000000000000000 ) ;
#1685 = DIRECTION ( 'NONE',  ( 0.000000000000000000, 0.000000000000000000, -1.000000000000000000 ) ) ;
#1686 = DIRECTION ( 'NONE',  ( 0.000000000000000000, -0.000000000000000000, 1.000000000000000000 ) ) ;
#1687 = DIRECTION ( 'NONE',  ( 0.000000000000000000, 0.000000000000000000, 1.000000000000000000 ) ) ;
#1688 = CARTESIAN_POINT ( 'NONE',  ( 31.75000000000000000, 7.499999999999998224, 35.70000000000000284 ) ) ;
#1689 = ORIENTED_EDGE ( 'NONE', *, *, #1115, .F. ) ;
#1690 = VECTOR ( 'NONE', #2146, 1000.000000000000000 ) ;
#1691 = ADVANCED_FACE ( 'NONE', ( #2712 ), #1658, .F. ) ;
#1692 = CARTESIAN_POINT ( 'NONE',  ( 38.18999999999999773, 15.00000000000000000, -42.79999999999998295 ) ) ;
#1693 = EDGE_LOOP ( 'NONE', ( #1776, #820, #2323, #3081 ) ) ;
#1694 = EDGE_CURVE ( 'NONE', #2251, #1906, #2143, .T. ) ;
#1695 = VECTOR ( 'NONE', #695, 1000.000000000000000 ) ;
#1696 = DIRECTION ( 'NONE',  ( 0.000000000000000000, 0.000000000000000000, 1.000000000000000000 ) ) ;
#1697 = VECTOR ( 'NONE', #3137, 1000.000000000000000 ) ;
#1698 = EDGE_LOOP ( 'NONE', ( #1107, #1813, #1208, #210 ) ) ;
#1699 = AXIS2_PLACEMENT_3D ( 'NONE', #755, #1823, #1281 ) ;
#1700 = CARTESIAN_POINT ( 'NONE',  ( 30.00000000000000000, 17.49999999999999645, -37.08858824618395289 ) ) ;
#1701 = CARTESIAN_POINT ( 'NONE',  ( 27.77499999999999858, 15.00000000000000000, -34.06999999999998607 ) ) ;
#1702 = PERSON_AND_ORGANIZATION ( #282, #482 ) ;
#1703 = AXIS2_PLACEMENT_3D ( 'NONE', #2296, #1765, #509 ) ;
#1704 = ORIENTED_EDGE ( 'NONE', *, *, #1712, .T. ) ;
#1705 = DIRECTION ( 'NONE',  ( 0.000000000000000000, 1.000000000000000000, 0.000000000000000000 ) ) ;
#1706 = AXIS2_PLACEMENT_3D ( 'NONE', #447, #1484, #974 ) ;
#1707 = CARTESIAN_POINT ( 'NONE',  ( -38.18999999999999773, 0.000000000000000000, 42.80000000000000426 ) ) ;
#1708 = FACE_OUTER_BOUND ( 'NONE', #97, .T. ) ;
#1709 = VERTEX_POINT ( 'NONE', #2459 ) ;
#1710 = DIRECTION ( 'NONE',  ( -0.000000000000000000, -1.000000000000000000, -0.000000000000000000 ) ) ;
#1711 = ORIENTED_EDGE ( 'NONE', *, *, #1729, .F. ) ;
#1712 = EDGE_CURVE ( 'NONE', #444, #1670, #1720, .T. ) ;
#1713 = ADVANCED_FACE ( 'NONE', ( #1955 ), #1169, .T. ) ;
#1714 = DIRECTION ( 'NONE',  ( 0.000000000000000000, 1.000000000000000000, 0.000000000000000000 ) ) ;
#1715 = EDGE_CURVE ( 'NONE', #2067, #2277, #3017, .T. ) ;
#1716 = ORIENTED_EDGE ( 'NONE', *, *, #1457, .T. ) ;
#1717 = CYLINDRICAL_SURFACE ( 'NONE', #2279, 2.249999999999998668 ) ;
#1718 = CARTESIAN_POINT ( 'NONE',  ( 27.77499999999999858, 7.499999999999998224, -37.81999999999999318 ) ) ;
#1719 = ORIENTED_EDGE ( 'NONE', *, *, #300, .F. ) ;
#1720 = LINE ( 'NONE', #1911, #1539 ) ;
#1721 = DIRECTION ( 'NONE',  ( -0.000000000000000000, 1.000000000000000000, -0.000000000000000000 ) ) ;
#1722 = DIRECTION ( 'NONE',  ( 0.000000000000000000, 1.000000000000000000, 0.000000000000000000 ) ) ;
#1723 = ORIENTED_EDGE ( 'NONE', *, *, #1506, .F. ) ;
#1724 = CARTESIAN_POINT ( 'NONE',  ( 20.00000000000000000, 0.000000000000000000, -27.74999999999999289 ) ) ;
#1725 = VERTEX_POINT ( 'NONE', #363 ) ;
#1726 = LINE ( 'NONE', #2767, #497 ) ;
#1727 = EDGE_LOOP ( 'NONE', ( #2103, #1138, #252, #2399 ) ) ;
#1728 = ORIENTED_EDGE ( 'NONE', *, *, #2138, .T. ) ;
#1729 = EDGE_CURVE ( 'NONE', #1277, #179, #3219, .T. ) ;
#1730 = CARTESIAN_POINT ( 'NONE',  ( 3.888251624603683901E-15, 17.49999999999999645, -42.79999999999999005 ) ) ;
#1731 = DIRECTION ( 'NONE',  ( 0.000000000000000000, 0.000000000000000000, 1.000000000000000000 ) ) ;
#1732 = ORIENTED_EDGE ( 'NONE', *, *, #819, .T. ) ;
#1733 = EDGE_CURVE ( 'NONE', #2872, #233, #2442, .T. ) ;
#1734 = PLANE ( 'NONE',  #1706 ) ;
#1735 = LINE ( 'NONE', #448, #2020 ) ;
#1736 = CARTESIAN_POINT ( 'NONE',  ( -27.77499999999999858, 7.499999999999998224, -34.06999999999998607 ) ) ;
#1737 = ORIENTED_EDGE ( 'NONE', *, *, #2176, .F. ) ;
#1738 = EDGE_CURVE ( 'NONE', #196, #909, #2362, .T. ) ;
#1739 = FACE_OUTER_BOUND ( 'NONE', #660, .T. ) ;
#1740 = VERTEX_POINT ( 'NONE', #1929 ) ;
#1741 = VECTOR ( 'NONE', #1889, 1000.000000000000000 ) ;
#1742 = VECTOR ( 'NONE', #2189, 1000.000000000000000 ) ;
#1743 = LINE ( 'NONE', #2539, #3099 ) ;
#1744 = ORIENTED_EDGE ( 'NONE', *, *, #1028, .F. ) ;
#1745 = VECTOR ( 'NONE', #2253, 1000.000000000000000 ) ;
#1746 = EDGE_LOOP ( 'NONE', ( #124, #932, #1249, #3294 ) ) ;
#1747 = CARTESIAN_POINT ( 'NONE',  ( -20.00000000000000000, 17.49999999999999645, -26.24999999999998934 ) ) ;
#1748 = FACE_OUTER_BOUND ( 'NONE', #541, .T. ) ;
#1749 = CIRCLE ( 'NONE', #123, 2.249999999999998668 ) ;
#1750 = EDGE_CURVE ( 'NONE', #918, #2277, #1941, .T. ) ;
#1751 = VECTOR ( 'NONE', #692, 1000.000000000000000 ) ;
#1752 = ORIENTED_EDGE ( 'NONE', *, *, #2314, .T. ) ;
#1753 = EDGE_CURVE ( 'NONE', #1906, #2251, #1170, .T. ) ;
#1754 = LINE ( 'NONE', #2799, #3227 ) ;
#1755 = LINE ( 'NONE', #2025, #773 ) ;
#1756 = FACE_OUTER_BOUND ( 'NONE', #2838, .T. ) ;
#1757 = VECTOR ( 'NONE', #816, 1000.000000000000000 ) ;
#1758 = ORIENTED_EDGE ( 'NONE', *, *, #1571, .F. ) ;
#1759 = VECTOR ( 'NONE', #52, 1000.000000000000000 ) ;
#1760 = DIRECTION ( 'NONE',  ( 0.000000000000000000, 0.000000000000000000, 1.000000000000000000 ) ) ;
#1761 = VERTEX_POINT ( 'NONE', #2477 ) ;
#1762 = ORIENTED_EDGE ( 'NONE', *, *, #2200, .F. ) ;
#1763 = ORIENTED_EDGE ( 'NONE', *, *, #443, .T. ) ;
#1764 = CARTESIAN_POINT ( 'NONE',  ( -30.00000000000000000, 15.00000000000000000, -0.000000000000000000 ) ) ;
#1765 = DIRECTION ( 'NONE',  ( 0.000000000000000000, 1.000000000000000000, 0.000000000000000000 ) ) ;
#1766 = ORIENTED_EDGE ( 'NONE', *, *, #1611, .T. ) ;
#1767 = EDGE_CURVE ( 'NONE', #3353, #2280, #1416, .T. ) ;
#1768 = DIRECTION ( 'NONE',  ( -1.000000000000000000, 0.000000000000000000, -9.084700057485244233E-17 ) ) ;
#1769 = DIRECTION ( 'NONE',  ( 0.000000000000000000, 0.000000000000000000, 1.000000000000000000 ) ) ;
#1770 = LINE ( 'NONE', #2075, #1838 ) ;
#1771 = ORIENTED_EDGE ( 'NONE', *, *, #463, .T. ) ;
#1772 = ADVANCED_FACE ( 'NONE', ( #1387 ), #2206, .T. ) ;
#1773 = LINE ( 'NONE', #1189, #1111 ) ;
#1774 = EDGE_LOOP ( 'NONE', ( #2372, #1054 ) ) ;
#1775 = ADVANCED_FACE ( 'NONE', ( #1185 ), #2220, .T. ) ;
#1776 = ORIENTED_EDGE ( 'NONE', *, *, #2979, .F. ) ;
#1777 = AXIS2_PLACEMENT_3D ( 'NONE', #1736, #449, #2331 ) ;
#1778 = ORIENTED_EDGE ( 'NONE', *, *, #1857, .F. ) ;
#1779 = CARTESIAN_POINT ( 'NONE',  ( -20.00000000000000000, 12.49999999999999645, 32.25000000000000711 ) ) ;
#1780 = CARTESIAN_POINT ( 'NONE',  ( -20.00000000000000000, 12.49999999999999645, -29.99999999999998934 ) ) ;
#1781 = VECTOR ( 'NONE', #1248, 1000.000000000000000 ) ;
#1782 = ORIENTED_EDGE ( 'NONE', *, *, #1069, .F. ) ;
#1783 = CARTESIAN_POINT ( 'NONE',  ( -22.06499999999999773, 17.49999999999999645, 0.000000000000000000 ) ) ;
#1784 = DIRECTION ( 'NONE',  ( 0.000000000000000000, 1.000000000000000000, 0.000000000000000000 ) ) ;
#1785 = CARTESIAN_POINT ( 'NONE',  ( -22.06499999999999773, 12.49999999999999645, 33.13021964085588422 ) ) ;
#1786 = VERTEX_POINT ( 'NONE', #1449 ) ;
#1787 = DIRECTION ( 'NONE',  ( 0.000000000000000000, -0.000000000000000000, 1.000000000000000000 ) ) ;
#1788 = ORIENTED_EDGE ( 'NONE', *, *, #1047, .F. ) ;
#1789 = EDGE_CURVE ( 'NONE', #909, #196, #1116, .T. ) ;
#1790 = ADVANCED_FACE ( 'NONE', ( #414 ), #1199, .T. ) ;
#1791 = CARTESIAN_POINT ( 'NONE',  ( 17.62499999999999645, 17.49999999999999645, -42.79999999999999005 ) ) ;
#1792 = ORIENTED_EDGE ( 'NONE', *, *, #1812, .T. ) ;
#1793 = EDGE_LOOP ( 'NONE', ( #3128, #1893, #1002, #3214 ) ) ;
#1794 = CARTESIAN_POINT ( 'NONE',  ( -20.00000000000000000, 17.49999999999999645, 33.74999999999998579 ) ) ;
#1795 = FACE_BOUND ( 'NONE', #1934, .T. ) ;
#1796 = ADVANCED_FACE ( 'NONE', ( #2955 ), #478, .F. ) ;
#1797 = ORIENTED_EDGE ( 'NONE', *, *, #2538, .F. ) ;
#1798 = AXIS2_PLACEMENT_3D ( 'NONE', #106, #2971, #126 ) ;
#1799 = DIRECTION ( 'NONE',  ( 0.000000000000000000, -1.000000000000000000, 0.000000000000000000 ) ) ;
#1800 = DIRECTION ( 'NONE',  ( -0.000000000000000000, -1.000000000000000000, -0.000000000000000000 ) ) ;
#1801 = CARTESIAN_POINT ( 'NONE',  ( -30.00000000000000000, 15.00000000000000000, 39.01662479035540088 ) ) ;
#1802 = AXIS2_PLACEMENT_3D ( 'NONE', #53, #1095, #3164 ) ;
#1803 = CIRCLE ( 'NONE', #728, 3.750000000000000000 ) ;
#1804 = DIRECTION ( 'NONE',  ( -1.000000000000000000, 0.000000000000000000, 0.000000000000000000 ) ) ;
#1805 = PLANE ( 'NONE',  #1644 ) ;
#1806 = CARTESIAN_POINT ( 'NONE',  ( 22.06500000000000483, 17.49999999999999645, -26.86978035914409801 ) ) ;
#1807 = VECTOR ( 'NONE', #2370, 1000.000000000000000 ) ;
#1808 = DIRECTION ( 'NONE',  ( -0.000000000000000000, 1.000000000000000000, -0.000000000000000000 ) ) ;
#1809 = ORIENTED_EDGE ( 'NONE', *, *, #1012, .T. ) ;
#1810 = ADVANCED_FACE ( 'NONE', ( #722 ), #190, .F. ) ;
#1811 = ORIENTED_EDGE ( 'NONE', *, *, #1767, .T. ) ;
#1812 = EDGE_CURVE ( 'NONE', #2433, #1458, #1489, .T. ) ;
#1813 = ORIENTED_EDGE ( 'NONE', *, *, #3304, .T. ) ;
#1814 = CARTESIAN_POINT ( 'NONE',  ( 30.00000000000000000, 17.49999999999999645, 39.01662479035540088 ) ) ;
#1815 = DIRECTION ( 'NONE',  ( 0.000000000000000000, -0.000000000000000000, 1.000000000000000000 ) ) ;
#1816 = CARTESIAN_POINT ( 'NONE',  ( 20.00000000000000000, 0.000000000000000000, -29.99999999999999289 ) ) ;
#1817 = VERTEX_POINT ( 'NONE', #1512 ) ;
#1818 = EDGE_CURVE ( 'NONE', #2142, #2529, #2267, .T. ) ;
#1819 = DIRECTION ( 'NONE',  ( 1.000000000000000000, 0.000000000000000000, 0.000000000000000000 ) ) ;
#1820 = PLANE ( 'NONE',  #1427 ) ;
#1821 = CARTESIAN_POINT ( 'NONE',  ( 20.00000000000000000, 0.000000000000000000, -29.99999999999999289 ) ) ;
#1822 = DIRECTION ( 'NONE',  ( 0.000000000000000000, 0.000000000000000000, 1.000000000000000000 ) ) ;
#1823 = DIRECTION ( 'NONE',  ( 0.000000000000000000, 1.000000000000000000, -0.000000000000000000 ) ) ;
#1824 = CARTESIAN_POINT ( 'NONE',  ( 38.18999999999999773, 15.00000000000000000, -42.79999999999998295 ) ) ;
#1825 = DIRECTION ( 'NONE',  ( -0.000000000000000000, -1.000000000000000000, -0.000000000000000000 ) ) ;
#1826 = DIRECTION ( 'NONE',  ( 0.000000000000000000, 0.000000000000000000, 1.000000000000000000 ) ) ;
#1827 = ORIENTED_EDGE ( 'NONE', *, *, #1738, .T. ) ;
#1828 = ORIENTED_EDGE ( 'NONE', *, *, #2060, .T. ) ;
#1829 = ORIENTED_EDGE ( 'NONE', *, *, #1139, .F. ) ;
#1830 = DIRECTION ( 'NONE',  ( 1.000000000000000000, 0.000000000000000000, 0.000000000000000000 ) ) ;
#1831 = CARTESIAN_POINT ( 'NONE',  ( -20.00000000000000000, 12.49999999999999645, 26.24999999999998934 ) ) ;
#1832 = LINE ( 'NONE', #2349, #1097 ) ;
#1833 = ORIENTED_EDGE ( 'NONE', *, *, #551, .F. ) ;
#1834 = EDGE_CURVE ( 'NONE', #890, #2350, #738, .T. ) ;
#1835 = CARTESIAN_POINT ( 'NONE',  ( -6.184999999999997833, 15.00000000000000000, 42.80000000000000426 ) ) ;
#1836 = CARTESIAN_POINT ( 'NONE',  ( 30.00000000000000000, 17.49999999999999645, 0.000000000000000000 ) ) ;
#1837 = DATE_TIME_ROLE ( 'creation_date' ) ;
#1838 = VECTOR ( 'NONE', #752, 1000.000000000000000 ) ;
#1839 = CARTESIAN_POINT ( 'NONE',  ( -31.75000000000000000, 15.00000000000000000, 31.94999999999999929 ) ) ;
#1840 = DIRECTION ( 'NONE',  ( 0.000000000000000000, 1.000000000000000000, 0.000000000000000000 ) ) ;
#1841 = FACE_OUTER_BOUND ( 'NONE', #1637, .T. ) ;
#1842 = LINE ( 'NONE', #1027, #2834 ) ;
#1843 = VECTOR ( 'NONE', #1667, 1000.000000000000000 ) ;
#1844 = LINE ( 'NONE', #1283, #2415 ) ;
#1845 = ORIENTED_EDGE ( 'NONE', *, *, #754, .F. ) ;
#1846 = ORIENTED_EDGE ( 'NONE', *, *, #1654, .F. ) ;
#1847 = ORIENTED_EDGE ( 'NONE', *, *, #51, .F. ) ;
#1848 = CARTESIAN_POINT ( 'NONE',  ( 20.00000000000000000, 0.000000000000000000, -32.24999999999998579 ) ) ;
#1849 = CARTESIAN_POINT ( 'NONE',  ( -20.00000000000000000, 0.000000000000000000, -32.24999999999998579 ) ) ;
#1850 = LINE ( 'NONE', #307, #1960 ) ;
#1851 = VECTOR ( 'NONE', #1682, 1000.000000000000000 ) ;
#1852 = EDGE_LOOP ( 'NONE', ( #946, #2132, #2140, #1994 ) ) ;
#1853 = CARTESIAN_POINT ( 'NONE',  ( 0.000000000000000000, 15.00000000000000000, 0.000000000000000000 ) ) ;
#1854 = AXIS2_PLACEMENT_3D ( 'NONE', #3277, #2887, #1475 ) ;
#1855 = FACE_OUTER_BOUND ( 'NONE', #3289, .T. ) ;
#1856 = EDGE_CURVE ( 'NONE', #730, #802, #1499, .T. ) ;
#1857 = EDGE_CURVE ( 'NONE', #2190, #3218, #1246, .T. ) ;
#1858 = VECTOR ( 'NONE', #1313, 1000.000000000000000 ) ;
#1859 = CARTESIAN_POINT ( 'NONE',  ( 22.06500000000000483, 15.00000000000000000, 0.000000000000000000 ) ) ;
#1860 = CARTESIAN_POINT ( 'NONE',  ( -31.75000000000000000, 15.00000000000000000, 35.70000000000000284 ) ) ;
#1861 = DIRECTION ( 'NONE',  ( 0.000000000000000000, 1.000000000000000000, -0.000000000000000000 ) ) ;
#1862 = CARTESIAN_POINT ( 'NONE',  ( 30.00000000000000000, 17.49999999999999645, 42.80000000000000426 ) ) ;
#1863 = CIRCLE ( 'NONE', #395, 3.750000000000000000 ) ;
#1864 = VECTOR ( 'NONE', #2995, 1000.000000000000000 ) ;
#1865 = CARTESIAN_POINT ( 'NONE',  ( -22.06499999999999773, 15.00000000000000000, 33.13021964085588422 ) ) ;
#1866 = ORIENTED_EDGE ( 'NONE', *, *, #1673, .F. ) ;
#1867 = EDGE_CURVE ( 'NONE', #2438, #954, #1021, .T. ) ;
#1868 = VECTOR ( 'NONE', #1617, 1000.000000000000000 ) ;
#1869 = ORIENTED_EDGE ( 'NONE', *, *, #2642, .F. ) ;
#1870 = AXIS2_PLACEMENT_3D ( 'NONE', #141, #2983, #3267 ) ;
#1871 = CARTESIAN_POINT ( 'NONE',  ( 20.00000000000000000, 0.000000000000000000, 27.75000000000000355 ) ) ;
#1872 = LINE ( 'NONE', #839, #1757 ) ;
#1873 = CARTESIAN_POINT ( 'NONE',  ( 22.06500000000000483, 17.49999999999999645, 42.80000000000000426 ) ) ;
#1874 = ORIENTED_EDGE ( 'NONE', *, *, #1550, .T. ) ;
#1875 = CARTESIAN_POINT ( 'NONE',  ( 17.62499999999999645, 15.00000000000000000, 42.79999999999999716 ) ) ;
#1876 = DIRECTION ( 'NONE',  ( 0.000000000000000000, 0.000000000000000000, -1.000000000000000000 ) ) ;
#1877 = APPROVAL_DATE_TIME ( #846, #1923 ) ;
#1878 = EDGE_LOOP ( 'NONE', ( #1866, #1953, #1001, #1963, #1087, #112, #720 ) ) ;
#1879 = EDGE_CURVE ( 'NONE', #3218, #2931, #223, .T. ) ;
#1880 = DIRECTION ( 'NONE',  ( 0.000000000000000000, 0.000000000000000000, -1.000000000000000000 ) ) ;
#1881 = PLANE ( 'NONE',  #3170 ) ;
#1882 = ORIENTED_EDGE ( 'NONE', *, *, #2490, .F. ) ;
#1883 = CARTESIAN_POINT ( 'NONE',  ( 9.685000000000005826, 15.00000000000000000, -42.79999999999999005 ) ) ;
#1884 = CARTESIAN_POINT ( 'NONE',  ( 20.00000000000000000, 0.000000000000000000, -27.74999999999999289 ) ) ;
#1885 = VERTEX_POINT ( 'NONE', #2760 ) ;
#1886 = EDGE_CURVE ( 'NONE', #2209, #3022, #765, .T. ) ;
#1887 = VERTEX_POINT ( 'NONE', #3313 ) ;
#1888 = PLANE ( 'NONE',  #2199 ) ;
#1889 = DIRECTION ( 'NONE',  ( -1.000000000000000000, 0.000000000000000000, -9.084700057485244233E-17 ) ) ;
#1890 = ORIENTED_EDGE ( 'NONE', *, *, #2904, .F. ) ;
#1891 = CARTESIAN_POINT ( 'NONE',  ( 3.888251624603685478E-15, 15.00000000000000000, 42.80000000000000426 ) ) ;
#1892 =( NAMED_UNIT ( * ) PLANE_ANGLE_UNIT ( ) SI_UNIT ( $, .RADIAN. ) );
#1893 = ORIENTED_EDGE ( 'NONE', *, *, #153, .T. ) ;
#1894 = DIRECTION ( 'NONE',  ( 0.000000000000000000, 0.000000000000000000, 1.000000000000000000 ) ) ;
#1895 = DIRECTION ( 'NONE',  ( 0.000000000000000000, -0.000000000000000000, 1.000000000000000000 ) ) ;
#1896 = CARTESIAN_POINT ( 'NONE',  ( 27.77499999999999858, 7.499999999999998224, -34.06999999999998607 ) ) ;
#1897 = DIRECTION ( 'NONE',  ( 0.000000000000000000, 1.000000000000000000, 0.000000000000000000 ) ) ;
#1898 = VECTOR ( 'NONE', #2547, 1000.000000000000000 ) ;
#1899 = LINE ( 'NONE', #870, #2355 ) ;
#1900 = VERTEX_POINT ( 'NONE', #1262 ) ;
#1901 = ADVANCED_FACE ( 'NONE', ( #2510 ), #3331, .F. ) ;
#1902 = AXIS2_PLACEMENT_3D ( 'NONE', #3361, #1345, #3130 ) ;
#1903 = EDGE_CURVE ( 'NONE', #2871, #1885, #2531, .T. ) ;
#1904 = ORIENTED_EDGE ( 'NONE', *, *, #716, .T. ) ;
#1905 = DIRECTION ( 'NONE',  ( 0.000000000000000000, -1.000000000000000000, 0.000000000000000000 ) ) ;
#1906 = VERTEX_POINT ( 'NONE', #3284 ) ;
#1907 = LINE ( 'NONE', #1951, #2451 ) ;
#1908 = CIRCLE ( 'NONE', #886, 3.750000000000000000 ) ;
#1909 = ORIENTED_EDGE ( 'NONE', *, *, #175, .F. ) ;
#1910 = AXIS2_PLACEMENT_3D ( 'NONE', #1688, #3254, #961 ) ;
#1911 = CARTESIAN_POINT ( 'NONE',  ( 20.00000000000000000, 12.49999999999999645, -26.24999999999998934 ) ) ;
#1912 = DIRECTION ( 'NONE',  ( 1.000000000000000000, -0.000000000000000000, -9.084700057485245466E-17 ) ) ;
#1913 = DIRECTION ( 'NONE',  ( -0.000000000000000000, 1.000000000000000000, -0.000000000000000000 ) ) ;
#1914 = ORIENTED_EDGE ( 'NONE', *, *, #214, .F. ) ;
#1915 = AXIS2_PLACEMENT_3D ( 'NONE', #2268, #3299, #960 ) ;
#1916 = CIRCLE ( 'NONE', #836, 3.750000000000000000 ) ;
#1917 = DIRECTION ( 'NONE',  ( -1.000000000000000000, 0.000000000000000000, 9.084700057485246698E-17 ) ) ;
#1918 = ORIENTED_EDGE ( 'NONE', *, *, #1995, .T. ) ;
#1919 = VECTOR ( 'NONE', #3274, 1000.000000000000000 ) ;
#1920 = ORIENTED_EDGE ( 'NONE', *, *, #2857, .T. ) ;
#1921 = CARTESIAN_POINT ( 'NONE',  ( -1.749999999999999778, 15.00000000000000000, 42.80000000000000426 ) ) ;
#1922 = VECTOR ( 'NONE', #19, 1000.000000000000000 ) ;
#1923 = APPROVAL ( #2881, '未指定' ) ;
#1924 = CIRCLE ( 'NONE', #457, 3.750000000000003553 ) ;
#1925 = VERTEX_POINT ( 'NONE', #3298 ) ;
#1926 = EDGE_CURVE ( 'NONE', #2305, #1154, #1924, .T. ) ;
#1927 = LINE ( 'NONE', #151, #1843 ) ;
#1928 = ADVANCED_FACE ( 'NONE', ( #2024 ), #1734, .F. ) ;
#1929 = CARTESIAN_POINT ( 'NONE',  ( 27.77499999999999858, 17.49999999999999645, -37.81999999999999318 ) ) ;
#1930 = FACE_OUTER_BOUND ( 'NONE', #3223, .T. ) ;
#1931 = CARTESIAN_POINT ( 'NONE',  ( 31.75000000000000000, 15.00000000000000000, 35.70000000000000284 ) ) ;
#1932 = ORIENTED_EDGE ( 'NONE', *, *, #3110, .T. ) ;
#1933 = CARTESIAN_POINT ( 'NONE',  ( -38.18999999999999773, 0.000000000000000000, 42.80000000000000426 ) ) ;
#1934 = EDGE_LOOP ( 'NONE', ( #2429, #936 ) ) ;
#1935 = ORIENTED_EDGE ( 'NONE', *, *, #1503, .T. ) ;
#1936 = DIRECTION ( 'NONE',  ( 0.000000000000000000, 1.000000000000000000, 0.000000000000000000 ) ) ;
#1937 = VERTEX_POINT ( 'NONE', #3044 ) ;
#1938 = DIRECTION ( 'NONE',  ( 0.000000000000000000, -1.000000000000000000, 0.000000000000000000 ) ) ;
#1939 = EDGE_CURVE ( 'NONE', #1439, #3070, #1754, .T. ) ;
#1940 = ORIENTED_EDGE ( 'NONE', *, *, #801, .F. ) ;
#1941 = LINE ( 'NONE', #688, #18 ) ;
#1942 = CARTESIAN_POINT ( 'NONE',  ( -25.56500000000000483, 15.00000000000000000, -31.04041256934213777 ) ) ;
#1943 = FACE_BOUND ( 'NONE', #2751, .T. ) ;
#1944 = ORIENTED_EDGE ( 'NONE', *, *, #2015, .F. ) ;
#1945 = LINE ( 'NONE', #2734, #2246 ) ;
#1946 = VERTEX_POINT ( 'NONE', #2545 ) ;
#1947 = AXIS2_PLACEMENT_3D ( 'NONE', #798, #1830, #305 ) ;
#1948 = CARTESIAN_POINT ( 'NONE',  ( 0.000000000000000000, 15.00000000000000000, 0.000000000000000000 ) ) ;
#1949 = VERTEX_POINT ( 'NONE', #2813 ) ;
#1950 = VECTOR ( 'NONE', #87, 1000.000000000000000 ) ;
#1951 = CARTESIAN_POINT ( 'NONE',  ( -25.56500000000000483, 15.00000000000000000, -0.000000000000000000 ) ) ;
#1952 = DIRECTION ( 'NONE',  ( 0.000000000000000000, 0.000000000000000000, -1.000000000000000000 ) ) ;
#1953 = ORIENTED_EDGE ( 'NONE', *, *, #3293, .F. ) ;
#1954 = EDGE_CURVE ( 'NONE', #1241, #1817, #1008, .T. ) ;
#1955 = FACE_OUTER_BOUND ( 'NONE', #903, .T. ) ;
#1956 = CARTESIAN_POINT ( 'NONE',  ( -33.49999999999999289, 7.499999999999998224, 39.01662479035540798 ) ) ;
#1957 = DIRECTION ( 'NONE',  ( 0.000000000000000000, 1.000000000000000000, 0.000000000000000000 ) ) ;
#1958 = ORIENTED_EDGE ( 'NONE', *, *, #2259, .F. ) ;
#1959 = EDGE_CURVE ( 'NONE', #2537, #454, #1078, .T. ) ;
#1960 = VECTOR ( 'NONE', #1602, 1000.000000000000000 ) ;
#1961 = EDGE_CURVE ( 'NONE', #3086, #1521, #1000, .T. ) ;
#1962 = DIRECTION ( 'NONE',  ( 1.000000000000000000, -0.000000000000000000, 9.084700057485246698E-17 ) ) ;
#1963 = ORIENTED_EDGE ( 'NONE', *, *, #2197, .T. ) ;
#1964 = VECTOR ( 'NONE', #365, 1000.000000000000000 ) ;
#1965 = VECTOR ( 'NONE', #1200, 1000.000000000000000 ) ;
#1966 = EDGE_CURVE ( 'NONE', #1464, #598, #1306, .T. ) ;
#1967 = PLANE ( 'NONE',  #2063 ) ;
#1968 = AXIS2_PLACEMENT_3D ( 'NONE', #302, #1336, #1085 ) ;
#1969 = EDGE_LOOP ( 'NONE', ( #3270, #994 ) ) ;
#1970 = VECTOR ( 'NONE', #2134, 1000.000000000000000 ) ;
#1971 = LINE ( 'NONE', #3056, #3259 ) ;
#1972 = PLANE ( 'NONE',  #2416 ) ;
#1973 = CIRCLE ( 'NONE', #2078, 3.750000000000003553 ) ;
#1974 = ORIENTED_EDGE ( 'NONE', *, *, #703, .T. ) ;
#1975 = DIRECTION ( 'NONE',  ( -9.084700057485244233E-17, 0.000000000000000000, 1.000000000000000000 ) ) ;
#1976 = CARTESIAN_POINT ( 'NONE',  ( -25.56500000000000483, 7.499999999999998224, -31.04041256934213777 ) ) ;
#1977 = CARTESIAN_POINT ( 'NONE',  ( 0.000000000000000000, 15.00000000000000000, 0.000000000000000000 ) ) ;
#1978 = VERTEX_POINT ( 'NONE', #1875 ) ;
#1979 = DIRECTION ( 'NONE',  ( -0.000000000000000000, -1.000000000000000000, -0.000000000000000000 ) ) ;
#1980 = ORIENTED_EDGE ( 'NONE', *, *, #1322, .F. ) ;
#1981 = EDGE_CURVE ( 'NONE', #1284, #200, #3328, .T. ) ;
#1982 = PLANE ( 'NONE',  #1527 ) ;
#1983 = ORIENTED_EDGE ( 'NONE', *, *, #2804, .F. ) ;
#1984 = ADVANCED_FACE ( 'NONE', ( #2629 ), #3112, .F. ) ;
#1985 = ORIENTED_EDGE ( 'NONE', *, *, #3266, .F. ) ;
#1986 = LINE ( 'NONE', #1227, #2826 ) ;
#1987 = CARTESIAN_POINT ( 'NONE',  ( -20.00000000000000000, 12.49999999999999645, 29.99999999999998934 ) ) ;
#1988 = ORIENTED_EDGE ( 'NONE', *, *, #3110, .F. ) ;
#1989 = CARTESIAN_POINT ( 'NONE',  ( -31.75000000000000000, 7.499999999999998224, 35.70000000000000284 ) ) ;
#1990 = DIRECTION ( 'NONE',  ( 0.000000000000000000, 0.000000000000000000, -1.000000000000000000 ) ) ;
#1991 = DIRECTION ( 'NONE',  ( 0.000000000000000000, 0.000000000000000000, 1.000000000000000000 ) ) ;
#1992 = ORIENTED_EDGE ( 'NONE', *, *, #1712, .F. ) ;
#1993 = DIRECTION ( 'NONE',  ( 0.000000000000000000, 1.000000000000000000, 0.000000000000000000 ) ) ;
#1994 = ORIENTED_EDGE ( 'NONE', *, *, #928, .F. ) ;
#1995 = EDGE_CURVE ( 'NONE', #1598, #2067, #2663, .T. ) ;
#1996 = CARTESIAN_POINT ( 'NONE',  ( 25.56499999999999773, 7.499999999999998224, -31.04041256934214132 ) ) ;
#1997 = ORIENTED_EDGE ( 'NONE', *, *, #1879, .T. ) ;
#1998 = EDGE_CURVE ( 'NONE', #1241, #3029, #1060, .T. ) ;
#1999 = VERTEX_POINT ( 'NONE', #2094 ) ;
#2000 = DIRECTION ( 'NONE',  ( 0.000000000000000000, 0.000000000000000000, 1.000000000000000000 ) ) ;
#2001 = FACE_OUTER_BOUND ( 'NONE', #373, .T. ) ;
#2002 = ORIENTED_EDGE ( 'NONE', *, *, #428, .F. ) ;
#2003 = VECTOR ( 'NONE', #571, 1000.000000000000000 ) ;
#2004 = ADVANCED_FACE ( 'NONE', ( #1547 ), #327, .F. ) ;
#2005 = DIRECTION ( 'NONE',  ( 0.000000000000000000, 0.000000000000000000, 1.000000000000000000 ) ) ;
#2006 = LINE ( 'NONE', #3113, #2137 ) ;
#2007 = DIRECTION ( 'NONE',  ( 0.000000000000000000, 0.000000000000000000, -1.000000000000000000 ) ) ;
#2008 = ORIENTED_EDGE ( 'NONE', *, *, #3347, .T. ) ;
#2009 = CARTESIAN_POINT ( 'NONE',  ( 31.75000000000000000, 7.499999999999998224, 35.70000000000000284 ) ) ;
#2010 = EDGE_LOOP ( 'NONE', ( #14, #2247, #1689, #1320 ) ) ;
#2011 = AXIS2_PLACEMENT_3D ( 'NONE', #1378, #2123, #840 ) ;
#2012 = VECTOR ( 'NONE', #183, 1000.000000000000000 ) ;
#2013 = ORIENTED_EDGE ( 'NONE', *, *, #1339, .T. ) ;
#2014 = VECTOR ( 'NONE', #1065, 1000.000000000000000 ) ;
#2015 = EDGE_CURVE ( 'NONE', #1036, #2621, #2126, .T. ) ;
#2016 = ORIENTED_EDGE ( 'NONE', *, *, #2732, .F. ) ;
#2017 = ADVANCED_FACE ( 'NONE', ( #2073 ), #2608, .T. ) ;
#2018 = DIRECTION ( 'NONE',  ( -1.000000000000000000, 0.000000000000000000, -9.084700057485244233E-17 ) ) ;
#2019 = PLANE ( 'NONE',  #2960 ) ;
#2020 = VECTOR ( 'NONE', #1231, 1000.000000000000000 ) ;
#2021 = ADVANCED_FACE ( 'NONE', ( #1604 ), #33, .T. ) ;
#2022 = AXIS2_PLACEMENT_3D ( 'NONE', #2596, #498, #3336 ) ;
#2023 = ORIENTED_EDGE ( 'NONE', *, *, #3023, .F. ) ;
#2024 = FACE_OUTER_BOUND ( 'NONE', #359, .T. ) ;
#2025 = CARTESIAN_POINT ( 'NONE',  ( -38.18999999999999773, 15.00000000000000000, 42.80000000000000426 ) ) ;
#2026 = DIRECTION ( 'NONE',  ( -1.000000000000000000, 0.000000000000000000, 0.000000000000000000 ) ) ;
#2027 = AXIS2_PLACEMENT_3D ( 'NONE', #971, #3311, #2265 ) ;
#2028 = ORIENTED_EDGE ( 'NONE', *, *, #1729, .T. ) ;
#2029 = ADVANCED_FACE ( 'NONE', ( #2648 ), #1037, .F. ) ;
#2030 = AXIS2_PLACEMENT_3D ( 'NONE', #155, #2699, #1149 ) ;
#2031 = CARTESIAN_POINT ( 'NONE',  ( 3.888251624603683901E-15, 17.49999999999999645, -42.79999999999999005 ) ) ;
#2032 = VERTEX_POINT ( 'NONE', #1835 ) ;
#2033 = ORIENTED_EDGE ( 'NONE', *, *, #301, .F. ) ;
#2034 = ORIENTED_EDGE ( 'NONE', *, *, #2861, .F. ) ;
#2035 = DIRECTION ( 'NONE',  ( -0.000000000000000000, -1.000000000000000000, -0.000000000000000000 ) ) ;
#2036 = FACE_OUTER_BOUND ( 'NONE', #383, .T. ) ;
#2037 = ORIENTED_EDGE ( 'NONE', *, *, #2060, .F. ) ;
#2038 = DIRECTION ( 'NONE',  ( 0.000000000000000000, 0.000000000000000000, -1.000000000000000000 ) ) ;
#2039 = CARTESIAN_POINT ( 'NONE',  ( -27.77499999999999858, 17.49999999999999645, -34.06999999999998607 ) ) ;
#2040 = DIRECTION ( 'NONE',  ( 0.000000000000000000, 0.000000000000000000, 1.000000000000000000 ) ) ;
#2041 = ADVANCED_FACE ( 'NONE', ( #2879 ), #786, .F. ) ;
#2042 = ORIENTED_EDGE ( 'NONE', *, *, #2664, .F. ) ;
#2043 = EDGE_CURVE ( 'NONE', #3264, #1251, #310, .T. ) ;
#2044 = CARTESIAN_POINT ( 'NONE',  ( 9.685000000000005826, 17.49999999999999645, 0.000000000000000000 ) ) ;
#2045 = ORIENTED_EDGE ( 'NONE', *, *, #1428, .T. ) ;
#2046 = EDGE_CURVE ( 'NONE', #3029, #24, #292, .T. ) ;
#2047 = LINE ( 'NONE', #42, #1591 ) ;
#2048 = ORIENTED_EDGE ( 'NONE', *, *, #2807, .T. ) ;
#2049 = ORIENTED_EDGE ( 'NONE', *, *, #1651, .T. ) ;
#2050 = DIRECTION ( 'NONE',  ( -1.000000000000000000, 0.000000000000000000, 0.000000000000000000 ) ) ;
#2051 = LINE ( 'NONE', #2543, #3115 ) ;
#2052 = VERTEX_POINT ( 'NONE', #2148 ) ;
#2053 = DIRECTION ( 'NONE',  ( 1.000000000000000000, 0.000000000000000000, -9.084700057485245466E-17 ) ) ;
#2054 = DIRECTION ( 'NONE',  ( 0.000000000000000000, 0.000000000000000000, 1.000000000000000000 ) ) ;
#2055 = DIRECTION ( 'NONE',  ( 0.000000000000000000, 0.000000000000000000, 1.000000000000000000 ) ) ;
#2056 = DIRECTION ( 'NONE',  ( -0.000000000000000000, -1.000000000000000000, -0.000000000000000000 ) ) ;
#2057 = CARTESIAN_POINT ( 'NONE',  ( 22.06500000000000483, 17.49999999999999645, -42.79999999999999005 ) ) ;
#2058 = AXIS2_PLACEMENT_3D ( 'NONE', #1853, #590, #844 ) ;
#2059 = DIRECTION ( 'NONE',  ( -0.000000000000000000, 1.000000000000000000, -0.000000000000000000 ) ) ;
#2060 = EDGE_CURVE ( 'NONE', #200, #163, #527, .T. ) ;
#2061 = CARTESIAN_POINT ( 'NONE',  ( 20.00000000000000000, 17.49999999999999645, 26.24999999999998934 ) ) ;
#2062 = ORIENTED_EDGE ( 'NONE', *, *, #273, .F. ) ;
#2063 = AXIS2_PLACEMENT_3D ( 'NONE', #3212, #1714, #919 ) ;
#2064 = ORIENTED_EDGE ( 'NONE', *, *, #1492, .T. ) ;
#2065 = EDGE_CURVE ( 'NONE', #1675, #3140, #1655, .T. ) ;
#2066 = AXIS2_PLACEMENT_3D ( 'NONE', #2444, #107, #1151 ) ;
#2067 = VERTEX_POINT ( 'NONE', #101 ) ;
#2068 = CARTESIAN_POINT ( 'NONE',  ( 33.50000000000000711, 17.49999999999999645, 42.80000000000000426 ) ) ;
#2069 = LINE ( 'NONE', #1831, #678 ) ;
#2070 = AXIS2_PLACEMENT_3D ( 'NONE', #1896, #1437, #2188 ) ;
#2071 = ORIENTED_EDGE ( 'NONE', *, *, #1184, .T. ) ;
#2072 = AXIS2_PLACEMENT_3D ( 'NONE', #2609, #1346, #2593 ) ;
#2073 = FACE_OUTER_BOUND ( 'NONE', #872, .T. ) ;
#2074 = DIRECTION ( 'NONE',  ( 0.000000000000000000, 0.000000000000000000, 1.000000000000000000 ) ) ;
#2075 = CARTESIAN_POINT ( 'NONE',  ( -9.684999999999998721, 15.00000000000000000, 0.000000000000000000 ) ) ;
#2076 = VECTOR ( 'NONE', #244, 1000.000000000000000 ) ;
#2077 = DIRECTION ( 'NONE',  ( 0.000000000000000000, -0.000000000000000000, 1.000000000000000000 ) ) ;
#2078 = AXIS2_PLACEMENT_3D ( 'NONE', #1525, #3089, #2573 ) ;
#2079 = LINE ( 'NONE', #2044, #2076 ) ;
#2080 = CYLINDRICAL_SURFACE ( 'NONE', #721, 2.249999999999998668 ) ;
#2081 = CARTESIAN_POINT ( 'NONE',  ( 38.18999999999999062, 15.00000000000000000, 42.79999999999999716 ) ) ;
#2082 = VECTOR ( 'NONE', #851, 1000.000000000000000 ) ;
#2083 = LINE ( 'NONE', #2853, #1697 ) ;
#2084 = ORIENTED_EDGE ( 'NONE', *, *, #694, .F. ) ;
#2085 = EDGE_CURVE ( 'NONE', #680, #1284, #2182, .T. ) ;
#2086 = ORIENTED_EDGE ( 'NONE', *, *, #620, .F. ) ;
#2087 = CC_DESIGN_PERSON_AND_ORGANIZATION_ASSIGNMENT ( #2920, #591, ( #2606 ) ) ;
#2088 = ORIENTED_EDGE ( 'NONE', *, *, #1367, .T. ) ;
#2089 = DIRECTION ( 'NONE',  ( -0.000000000000000000, -1.000000000000000000, -0.000000000000000000 ) ) ;
#2090 = DIRECTION ( 'NONE',  ( -0.000000000000000000, 1.000000000000000000, -0.000000000000000000 ) ) ;
#2091 = CARTESIAN_POINT ( 'NONE',  ( -20.00000000000000000, 0.000000000000000000, 30.00000000000001066 ) ) ;
#2092 = EDGE_CURVE ( 'NONE', #474, #2855, #2978, .T. ) ;
#2093 = ORIENTED_EDGE ( 'NONE', *, *, #2065, .T. ) ;
#2094 = CARTESIAN_POINT ( 'NONE',  ( 20.00000000000000000, 12.49999999999999645, -32.24999999999998579 ) ) ;
#2095 = CARTESIAN_POINT ( 'NONE',  ( 20.00000000000000000, 12.49999999999999645, 29.99999999999998934 ) ) ;
#2096 = CARTESIAN_POINT ( 'NONE',  ( 0.000000000000000000, 15.00000000000000000, 0.000000000000000000 ) ) ;
#2097 = DIRECTION ( 'NONE',  ( 0.000000000000000000, 0.000000000000000000, 1.000000000000000000 ) ) ;
#2098 = PLANE ( 'NONE',  #73 ) ;
#2099 = ORIENTED_EDGE ( 'NONE', *, *, #1348, .T. ) ;
#2100 = DIRECTION ( 'NONE',  ( 0.000000000000000000, 0.000000000000000000, 1.000000000000000000 ) ) ;
#2101 = DIRECTION ( 'NONE',  ( 0.000000000000000000, 0.000000000000000000, 1.000000000000000000 ) ) ;
#2102 = ORIENTED_EDGE ( 'NONE', *, *, #825, .F. ) ;
#2103 = ORIENTED_EDGE ( 'NONE', *, *, #1856, .F. ) ;
#2104 = ORIENTED_EDGE ( 'NONE', *, *, #2389, .F. ) ;
#2105 = EDGE_CURVE ( 'NONE', #3140, #2945, #1465, .T. ) ;
#2106 = LINE ( 'NONE', #322, #653 ) ;
#2107 = LINE ( 'NONE', #3181, #2794 ) ;
#2108 = DIRECTION ( 'NONE',  ( -0.000000000000000000, -1.000000000000000000, -0.000000000000000000 ) ) ;
#2109 = ORIENTED_EDGE ( 'NONE', *, *, #1184, .F. ) ;
#2110 = DIRECTION ( 'NONE',  ( 0.000000000000000000, 0.000000000000000000, -1.000000000000000000 ) ) ;
#2111 = DIRECTION ( 'NONE',  ( 0.000000000000000000, 1.000000000000000000, -0.000000000000000000 ) ) ;
#2112 = CARTESIAN_POINT ( 'NONE',  ( 0.000000000000000000, 0.000000000000000000, 0.000000000000000000 ) ) ;
#2113 = DIRECTION ( 'NONE',  ( 0.000000000000000000, 0.000000000000000000, 1.000000000000000000 ) ) ;
#2114 = PLANE ( 'NONE',  #2631 ) ;
#2115 = CARTESIAN_POINT ( 'NONE',  ( 33.50000000000000711, 15.00000000000000000, -42.79999999999999005 ) ) ;
#2116 = CARTESIAN_POINT ( 'NONE',  ( -22.06499999999999773, 15.00000000000000000, -26.86978035914409091 ) ) ;
#2117 = VECTOR ( 'NONE', #1799, 1000.000000000000000 ) ;
#2118 = CARTESIAN_POINT ( 'NONE',  ( -27.77499999999999858, 7.499999999999998224, -30.31999999999998963 ) ) ;
#2119 = ORIENTED_EDGE ( 'NONE', *, *, #1180, .T. ) ;
#2120 = ORIENTED_EDGE ( 'NONE', *, *, #2820, .T. ) ;
#2121 = PLANE ( 'NONE',  #711 ) ;
#2122 = DIRECTION ( 'NONE',  ( 0.000000000000000000, -0.000000000000000000, 1.000000000000000000 ) ) ;
#2123 = DIRECTION ( 'NONE',  ( 0.000000000000000000, 1.000000000000000000, 0.000000000000000000 ) ) ;
#2124 = VECTOR ( 'NONE', #1443, 1000.000000000000000 ) ;
#2125 = ORIENTED_EDGE ( 'NONE', *, *, #1428, .F. ) ;
#2126 = LINE ( 'NONE', #822, #2117 ) ;
#2127 = VECTOR ( 'NONE', #1172, 1000.000000000000000 ) ;
#2128 = LINE ( 'NONE', #845, #344 ) ;
#2129 = APPROVAL_ROLE ( '' ) ;
#2130 = EDGE_CURVE ( 'NONE', #625, #2945, #2474, .T. ) ;
#2131 = VECTOR ( 'NONE', #926, 1000.000000000000000 ) ;
#2132 = ORIENTED_EDGE ( 'NONE', *, *, #507, .T. ) ;
#2133 = DIRECTION ( 'NONE',  ( 0.000000000000000000, 0.000000000000000000, -1.000000000000000000 ) ) ;
#2134 = DIRECTION ( 'NONE',  ( 1.000000000000000000, 0.000000000000000000, -9.084700057485245466E-17 ) ) ;
#2135 = DIRECTION ( 'NONE',  ( 0.000000000000000000, -1.000000000000000000, 0.000000000000000000 ) ) ;
#2136 = CARTESIAN_POINT ( 'NONE',  ( 17.62499999999999645, 15.00000000000000000, 0.000000000000000000 ) ) ;
#2137 = VECTOR ( 'NONE', #1079, 1000.000000000000000 ) ;
#2138 = EDGE_CURVE ( 'NONE', #3090, #1256, #668, .T. ) ;
#2139 = DIRECTION ( 'NONE',  ( 0.000000000000000000, 1.000000000000000000, 0.000000000000000000 ) ) ;
#2140 = ORIENTED_EDGE ( 'NONE', *, *, #1610, .T. ) ;
#2141 = VECTOR ( 'NONE', #287, 1000.000000000000000 ) ;
#2142 = VERTEX_POINT ( 'NONE', #1700 ) ;
#2143 = CIRCLE ( 'NONE', #2030, 2.249999999999998668 ) ;
#2144 = CARTESIAN_POINT ( 'NONE',  ( 27.77499999999999858, 7.499999999999998224, -37.81999999999999318 ) ) ;
#2145 = DIRECTION ( 'NONE',  ( 0.000000000000000000, 0.000000000000000000, 1.000000000000000000 ) ) ;
#2146 = DIRECTION ( 'NONE',  ( -0.000000000000000000, -1.000000000000000000, -0.000000000000000000 ) ) ;
#2147 = VERTEX_POINT ( 'NONE', #2743 ) ;
#2148 = CARTESIAN_POINT ( 'NONE',  ( -14.12499999999999645, 17.49999999999999645, 42.80000000000000426 ) ) ;
#2149 = DIRECTION ( 'NONE',  ( -0.000000000000000000, -1.000000000000000000, -0.000000000000000000 ) ) ;
#2150 = EDGE_LOOP ( 'NONE', ( #1285, #1301, #983, #2383 ) ) ;
#2151 = EDGE_CURVE ( 'NONE', #1476, #745, #3198, .T. ) ;
#2152 = DIRECTION ( 'NONE',  ( -0.000000000000000000, 1.000000000000000000, -0.000000000000000000 ) ) ;
#2153 = CARTESIAN_POINT ( 'NONE',  ( -27.77499999999999858, 17.49999999999999645, -37.81999999999999318 ) ) ;
#2154 = DIRECTION ( 'NONE',  ( 0.000000000000000000, -1.000000000000000000, 0.000000000000000000 ) ) ;
#2155 = DIRECTION ( 'NONE',  ( -1.000000000000000000, 0.000000000000000000, 0.000000000000000000 ) ) ;
#2156 = ADVANCED_FACE ( 'NONE', ( #360 ), #1164, .F. ) ;
#2157 = DIRECTION ( 'NONE',  ( -0.000000000000000000, -0.000000000000000000, 1.000000000000000000 ) ) ;
#2158 = ORIENTED_EDGE ( 'NONE', *, *, #895, .F. ) ;
#2159 = EDGE_LOOP ( 'NONE', ( #583, #1344, #432, #2567, #979 ) ) ;
#2160 = ADVANCED_FACE ( 'NONE', ( #2969 ), #3234, .F. ) ;
#2161 = CARTESIAN_POINT ( 'NONE',  ( 38.18999999999999773, 15.00000000000000000, -42.79999999999998295 ) ) ;
#2162 = LINE ( 'NONE', #1090, #1741 ) ;
#2163 = ORIENTED_EDGE ( 'NONE', *, *, #3061, .T. ) ;
#2164 = DIRECTION ( 'NONE',  ( -1.000000000000000000, 0.000000000000000000, 9.084700057485246698E-17 ) ) ;
#2165 = APPROVAL_STATUS ( 'not_yet_approved' ) ;
#2166 = ORIENTED_EDGE ( 'NONE', *, *, #1926, .T. ) ;
#2167 = DIRECTION ( 'NONE',  ( 0.000000000000000000, 1.000000000000000000, -0.000000000000000000 ) ) ;
#2168 = CARTESIAN_POINT ( 'NONE',  ( -20.00000000000000000, 15.00000000000000000, 29.99999999999998934 ) ) ;
#2169 = LINE ( 'NONE', #3202, #2344 ) ;
#2170 = APPROVAL_PERSON_ORGANIZATION ( #102, #1007, #879 ) ;
#2171 = EDGE_LOOP ( 'NONE', ( #1974, #338 ) ) ;
#2172 = EDGE_CURVE ( 'NONE', #459, #2233, #268, .T. ) ;
#2173 = EDGE_CURVE ( 'NONE', #149, #193, #3215, .T. ) ;
#2174 = CARTESIAN_POINT ( 'NONE',  ( -31.75000000000000000, 7.499999999999998224, 39.45000000000000284 ) ) ;
#2175 = ORIENTED_EDGE ( 'NONE', *, *, #1385, .T. ) ;
#2176 = EDGE_CURVE ( 'NONE', #3039, #2433, #2558, .T. ) ;
#2177 = AXIS2_PLACEMENT_3D ( 'NONE', #2425, #921, #375 ) ;
#2178 = ORIENTED_EDGE ( 'NONE', *, *, #530, .T. ) ;
#2179 = DIRECTION ( 'NONE',  ( 0.000000000000000000, -0.000000000000000000, 1.000000000000000000 ) ) ;
#2180 = EDGE_CURVE ( 'NONE', #2480, #1885, #1927, .T. ) ;
#2181 = ORIENTED_EDGE ( 'NONE', *, *, #95, .T. ) ;
#2182 = LINE ( 'NONE', #1194, #546 ) ;
#2183 = PERSON_AND_ORGANIZATION ( #282, #482 ) ;
#2184 = VECTOR ( 'NONE', #2626, 1000.000000000000000 ) ;
#2185 = VERTEX_POINT ( 'NONE', #1635 ) ;
#2186 = CIRCLE ( 'NONE', #2066, 2.249999999999998668 ) ;
#2187 = CARTESIAN_POINT ( 'NONE',  ( 3.888251624603683901E-15, 17.49999999999999645, -42.79999999999999005 ) ) ;
#2188 = DIRECTION ( 'NONE',  ( 0.000000000000000000, -0.000000000000000000, -1.000000000000000000 ) ) ;
#2189 = DIRECTION ( 'NONE',  ( 0.000000000000000000, -1.000000000000000000, 0.000000000000000000 ) ) ;
#2190 = VERTEX_POINT ( 'NONE', #862 ) ;
#2191 = AXIS2_PLACEMENT_3D ( 'NONE', #1450, #1467, #2512 ) ;
#2192 = CIRCLE ( 'NONE', #1161, 3.750000000000000000 ) ;
#2193 = CYLINDRICAL_SURFACE ( 'NONE', #2958, 3.750000000000000000 ) ;
#2194 = ORIENTED_EDGE ( 'NONE', *, *, #2842, .T. ) ;
#2195 = VECTOR ( 'NONE', #3117, 1000.000000000000000 ) ;
#2196 = ORIENTED_EDGE ( 'NONE', *, *, #2427, .T. ) ;
#2197 = EDGE_CURVE ( 'NONE', #561, #3047, #1129, .T. ) ;
#2198 = DIRECTION ( 'NONE',  ( 1.000000000000000000, -0.000000000000000000, 9.084700057485246698E-17 ) ) ;
#2199 = AXIS2_PLACEMENT_3D ( 'NONE', #2645, #544, #1815 ) ;
#2200 = EDGE_CURVE ( 'NONE', #713, #2263, #1518, .T. ) ;
#2201 = VECTOR ( 'NONE', #641, 1000.000000000000000 ) ;
#2202 = VERTEX_POINT ( 'NONE', #2216 ) ;
#2203 = DIRECTION ( 'NONE',  ( 0.000000000000000000, -1.000000000000000000, 0.000000000000000000 ) ) ;
#2204 = CALENDAR_DATE ( 2025, 31, 5 ) ;
#2205 = ORIENTED_EDGE ( 'NONE', *, *, #2888, .F. ) ;
#2206 = PLANE ( 'NONE',  #1870 ) ;
#2207 = DIRECTION ( 'NONE',  ( 0.000000000000000000, 0.000000000000000000, -1.000000000000000000 ) ) ;
#2208 = PLANE ( 'NONE',  #2407 ) ;
#2209 = VERTEX_POINT ( 'NONE', #1446 ) ;
#2210 = CARTESIAN_POINT ( 'NONE',  ( -30.00000000000000000, 7.499999999999998224, -37.08858824618395289 ) ) ;
#2211 = ORIENTED_EDGE ( 'NONE', *, *, #2571, .T. ) ;
#2212 = PLANE ( 'NONE',  #1420 ) ;
#2213 = EDGE_CURVE ( 'NONE', #1476, #3218, #605, .T. ) ;
#2214 = EDGE_LOOP ( 'NONE', ( #3337, #2949, #3060, #2987 ) ) ;
#2215 = EDGE_CURVE ( 'NONE', #3122, #140, #1907, .T. ) ;
#2216 = CARTESIAN_POINT ( 'NONE',  ( 17.62499999999999645, 17.49999999999999645, 32.90204669156096173 ) ) ;
#2217 = CARTESIAN_POINT ( 'NONE',  ( -17.62500000000000000, 15.00000000000000000, -0.000000000000000000 ) ) ;
#2218 = ADVANCED_FACE ( 'NONE', ( #2994 ), #2950, .T. ) ;
#2219 = ORIENTED_EDGE ( 'NONE', *, *, #1998, .T. ) ;
#2220 = PLANE ( 'NONE',  #3012 ) ;
#2221 = CARTESIAN_POINT ( 'NONE',  ( 22.06500000000000483, 17.49999999999999645, 0.000000000000000000 ) ) ;
#2222 = LINE ( 'NONE', #192, #3265 ) ;
#2223 = VERTEX_POINT ( 'NONE', #985 ) ;
#2224 = CARTESIAN_POINT ( 'NONE',  ( 38.18999999999999062, 15.00000000000000000, 42.79999999999999716 ) ) ;
#2225 = ORIENTED_EDGE ( 'NONE', *, *, #2551, .T. ) ;
#2226 = LINE ( 'NONE', #358, #2565 ) ;
#2227 = ORIENTED_EDGE ( 'NONE', *, *, #1611, .F. ) ;
#2228 = VECTOR ( 'NONE', #3027, 1000.000000000000000 ) ;
#2229 = DIRECTION ( 'NONE',  ( 0.000000000000000000, 0.000000000000000000, 1.000000000000000000 ) ) ;
#2230 = DIRECTION ( 'NONE',  ( -1.000000000000000000, 0.000000000000000000, 0.000000000000000000 ) ) ;
#2231 = DATE_TIME_ROLE ( 'classification_date' ) ;
#2232 = EDGE_CURVE ( 'NONE', #1256, #1260, #2810, .T. ) ;
#2233 = VERTEX_POINT ( 'NONE', #3041 ) ;
#2234 = CARTESIAN_POINT ( 'NONE',  ( 33.50000000000000711, 17.49999999999999645, 0.000000000000000000 ) ) ;
#2235 = CARTESIAN_POINT ( 'NONE',  ( 20.00000000000000000, 12.49999999999999645, -33.74999999999998579 ) ) ;
#2236 = CARTESIAN_POINT ( 'NONE',  ( -20.00000000000000000, 12.49999999999999645, -29.99999999999998934 ) ) ;
#2237 = EDGE_CURVE ( 'NONE', #3210, #1059, #3014, .T. ) ;
#2238 = ORIENTED_EDGE ( 'NONE', *, *, #3061, .F. ) ;
#2239 = DIRECTION ( 'NONE',  ( -0.000000000000000000, 1.000000000000000000, -0.000000000000000000 ) ) ;
#2240 = EDGE_LOOP ( 'NONE', ( #924, #1337, #269, #968 ) ) ;
#2241 = EDGE_CURVE ( 'NONE', #3121, #5, #166, .T. ) ;
#2242 = AXIS2_PLACEMENT_3D ( 'NONE', #976, #1957, #915 ) ;
#2243 = VECTOR ( 'NONE', #2286, 1000.000000000000000 ) ;
#2244 = DIRECTION ( 'NONE',  ( -0.000000000000000000, 1.000000000000000000, -0.000000000000000000 ) ) ;
#2245 = ORIENTED_EDGE ( 'NONE', *, *, #2836, .F. ) ;
#2246 = VECTOR ( 'NONE', #2690, 1000.000000000000000 ) ;
#2247 = ORIENTED_EDGE ( 'NONE', *, *, #1156, .F. ) ;
#2248 = LINE ( 'NONE', #1242, #2883 ) ;
#2249 = CARTESIAN_POINT ( 'NONE',  ( 3.888251624603683901E-15, 17.49999999999999645, -42.79999999999999005 ) ) ;
#2250 = AXIS2_PLACEMENT_3D ( 'NONE', #2313, #3342, #2527 ) ;
#2251 = VERTEX_POINT ( 'NONE', #201 ) ;
#2252 = DIRECTION ( 'NONE',  ( 0.000000000000000000, 0.000000000000000000, 1.000000000000000000 ) ) ;
#2253 = DIRECTION ( 'NONE',  ( -0.000000000000000000, 1.000000000000000000, -0.000000000000000000 ) ) ;
#2254 = LINE ( 'NONE', #1232, #2622 ) ;
#2255 = ORIENTED_EDGE ( 'NONE', *, *, #2877, .T. ) ;
#2256 = EDGE_CURVE ( 'NONE', #941, #1978, #2248, .T. ) ;
#2257 = CARTESIAN_POINT ( 'NONE',  ( -20.00000000000000000, 12.49999999999999645, 33.74999999999998579 ) ) ;
#2258 = EDGE_LOOP ( 'NONE', ( #1456, #1124 ) ) ;
#2259 = EDGE_CURVE ( 'NONE', #2627, #3279, #3295, .T. ) ;
#2260 = CARTESIAN_POINT ( 'NONE',  ( -33.49999999999999289, 17.49999999999999645, -42.79999999999999005 ) ) ;
#2261 = EDGE_LOOP ( 'NONE', ( #1737, #905, #3106, #208, #796 ) ) ;
#2262 = EDGE_CURVE ( 'NONE', #1937, #1577, #3281, .T. ) ;
#2263 = VERTEX_POINT ( 'NONE', #1779 ) ;
#2264 = CARTESIAN_POINT ( 'NONE',  ( 25.56499999999999773, 17.49999999999999645, 0.000000000000000000 ) ) ;
#2265 = DIRECTION ( 'NONE',  ( -1.013273058397667904E-17, 0.000000000000000000, -1.000000000000000000 ) ) ;
#2266 = ORIENTED_EDGE ( 'NONE', *, *, #1586, .T. ) ;
#2267 = LINE ( 'NONE', #3062, #574 ) ;
#2268 = CARTESIAN_POINT ( 'NONE',  ( 20.00000000000000000, 12.49999999999999645, 29.99999999999998934 ) ) ;
#2269 = LINE ( 'NONE', #127, #3048 ) ;
#2270 = ORIENTED_EDGE ( 'NONE', *, *, #1115, .T. ) ;
#2271 = CARTESIAN_POINT ( 'NONE',  ( 20.00000000000000000, 15.00000000000000000, -29.99999999999998934 ) ) ;
#2272 = ORIENTED_EDGE ( 'NONE', *, *, #485, .T. ) ;
#2273 = EDGE_CURVE ( 'NONE', #2438, #2607, #956, .T. ) ;
#2274 = EDGE_CURVE ( 'NONE', #2480, #2872, #440, .T. ) ;
#2275 = CARTESIAN_POINT ( 'NONE',  ( -20.00000000000000000, 17.49999999999999645, -29.99999999999998934 ) ) ;
#2276 = EDGE_CURVE ( 'NONE', #5, #1761, #1986, .T. ) ;
#2277 = VERTEX_POINT ( 'NONE', #937 ) ;
#2278 = AXIS2_PLACEMENT_3D ( 'NONE', #1821, #243, #466 ) ;
#2279 = AXIS2_PLACEMENT_3D ( 'NONE', #2756, #424, #1461 ) ;
#2280 = VERTEX_POINT ( 'NONE', #717 ) ;
#2281 = DIRECTION ( 'NONE',  ( -0.000000000000000000, -1.000000000000000000, -0.000000000000000000 ) ) ;
#2282 = FACE_OUTER_BOUND ( 'NONE', #1086, .T. ) ;
#2283 = EDGE_CURVE ( 'NONE', #1887, #2763, #1971, .T. ) ;
#2284 = ORIENTED_EDGE ( 'NONE', *, *, #3079, .F. ) ;
#2285 = DIRECTION ( 'NONE',  ( -0.000000000000000000, 1.000000000000000000, -0.000000000000000000 ) ) ;
#2286 = DIRECTION ( 'NONE',  ( 0.000000000000000000, 0.000000000000000000, -1.000000000000000000 ) ) ;
#2287 = DIRECTION ( 'NONE',  ( -1.000000000000000000, 0.000000000000000000, 0.000000000000000000 ) ) ;
#2288 = ORIENTED_EDGE ( 'NONE', *, *, #1673, .T. ) ;
#2289 = CARTESIAN_POINT ( 'NONE',  ( 3.888251624603683901E-15, 15.00000000000000000, -42.79999999999999005 ) ) ;
#2290 = VERTEX_POINT ( 'NONE', #2774 ) ;
#2291 = AXIS2_PLACEMENT_3D ( 'NONE', #333, #2714, #3190 ) ;
#2292 = VERTEX_POINT ( 'NONE', #1747 ) ;
#2293 = EDGE_LOOP ( 'NONE', ( #756, #3261, #3226, #776, #3197, #86, #1445, #1992 ) ) ;
#2294 = EDGE_CURVE ( 'NONE', #2529, #1070, #1479, .T. ) ;
#2295 = DIRECTION ( 'NONE',  ( 0.000000000000000000, 1.000000000000000000, -0.000000000000000000 ) ) ;
#2296 = CARTESIAN_POINT ( 'NONE',  ( 0.000000000000000000, 15.00000000000000000, 0.000000000000000000 ) ) ;
#2297 = AXIS2_PLACEMENT_3D ( 'NONE', #2670, #2448, #855 ) ;
#2298 = EDGE_CURVE ( 'NONE', #1532, #3047, #376, .T. ) ;
#2299 = VECTOR ( 'NONE', #483, 1000.000000000000000 ) ;
#2300 = ORIENTED_EDGE ( 'NONE', *, *, #3004, .T. ) ;
#2301 = CARTESIAN_POINT ( 'NONE',  ( 3.888251624603685478E-15, 17.49999999999999645, 42.80000000000000426 ) ) ;
#2302 = LINE ( 'NONE', #1956, #769 ) ;
#2303 = CARTESIAN_POINT ( 'NONE',  ( -14.12499999999999645, 17.49999999999999645, -42.79999999999999005 ) ) ;
#2304 = CIRCLE ( 'NONE', #842, 3.750000000000003553 ) ;
#2305 = VERTEX_POINT ( 'NONE', #1496 ) ;
#2306 = AXIS2_PLACEMENT_3D ( 'NONE', #942, #2167, #3200 ) ;
#2307 = PLANE ( 'NONE',  #2022 ) ;
#2308 = ORIENTED_EDGE ( 'NONE', *, *, #831, .F. ) ;
#2309 = CARTESIAN_POINT ( 'NONE',  ( 20.00000000000000000, 12.49999999999999645, -29.99999999999998934 ) ) ;
#2310 = ORIENTED_EDGE ( 'NONE', *, *, #150, .T. ) ;
#2311 = ORIENTED_EDGE ( 'NONE', *, *, #1926, .F. ) ;
#2312 = DIRECTION ( 'NONE',  ( 0.000000000000000000, 1.000000000000000000, -0.000000000000000000 ) ) ;
#2313 = CARTESIAN_POINT ( 'NONE',  ( -30.00000000000000000, 17.49999999999999645, 0.000000000000000000 ) ) ;
#2314 = EDGE_CURVE ( 'NONE', #2147, #3210, #735, .T. ) ;
#2315 = ORIENTED_EDGE ( 'NONE', *, *, #3146, .T. ) ;
#2316 = EDGE_CURVE ( 'NONE', #1817, #24, #1509, .T. ) ;
#2317 = DIRECTION ( 'NONE',  ( 0.000000000000000000, 0.000000000000000000, -1.000000000000000000 ) ) ;
#2318 = CARTESIAN_POINT ( 'NONE',  ( 20.00000000000000000, 12.49999999999999645, -26.24999999999998934 ) ) ;
#2319 = FACE_OUTER_BOUND ( 'NONE', #2623, .T. ) ;
#2320 = LINE ( 'NONE', #2335, #676 ) ;
#2321 = LINE ( 'NONE', #1388, #670 ) ;
#2322 = LINE ( 'NONE', #3352, #1046 ) ;
#2323 = ORIENTED_EDGE ( 'NONE', *, *, #3348, .T. ) ;
#2324 = VERTEX_POINT ( 'NONE', #1257 ) ;
#2325 = DIRECTION ( 'NONE',  ( 0.000000000000000000, 1.000000000000000000, 0.000000000000000000 ) ) ;
#2326 = DIRECTION ( 'NONE',  ( -1.000000000000000000, 0.000000000000000000, 0.000000000000000000 ) ) ;
#2327 = CC_DESIGN_SECURITY_CLASSIFICATION ( #2765, ( #2606 ) ) ;
#2328 = VERTEX_POINT ( 'NONE', #490 ) ;
#2329 = DIRECTION ( 'NONE',  ( 0.000000000000000000, 0.000000000000000000, 1.000000000000000000 ) ) ;
#2330 = DIRECTION ( 'NONE',  ( -1.000000000000000000, 0.000000000000000000, 0.000000000000000000 ) ) ;
#2331 = DIRECTION ( 'NONE',  ( 0.000000000000000000, 0.000000000000000000, 1.000000000000000000 ) ) ;
#2332 = VECTOR ( 'NONE', #2696, 1000.000000000000000 ) ;
#2333 = EDGE_CURVE ( 'NONE', #2418, #285, #236, .T. ) ;
#2334 = LINE ( 'NONE', #865, #2848 ) ;
#2335 = CARTESIAN_POINT ( 'NONE',  ( 1.750000000000000222, 17.49999999999999645, 0.000000000000000000 ) ) ;
#2336 = FACE_OUTER_BOUND ( 'NONE', #1556, .T. ) ;
#2337 = AXIS2_PLACEMENT_3D ( 'NONE', #2823, #2295, #460 ) ;
#2338 = CARTESIAN_POINT ( 'NONE',  ( -22.06499999999999773, 17.49999999999999645, -42.79999999999999005 ) ) ;
#2339 = ADVANCED_FACE ( 'NONE', ( #685 ), #1717, .F. ) ;
#2340 = LINE ( 'NONE', #1573, #2463 ) ;
#2341 = EDGE_LOOP ( 'NONE', ( #3068, #2570, #8, #3026 ) ) ;
#2342 = VECTOR ( 'NONE', #2198, 1000.000000000000000 ) ;
#2343 = VERTEX_POINT ( 'NONE', #1814 ) ;
#2344 = VECTOR ( 'NONE', #1913, 1000.000000000000000 ) ;
#2345 = ORIENTED_EDGE ( 'NONE', *, *, #1669, .F. ) ;
#2346 = ADVANCED_FACE ( 'NONE', ( #1018 ), #2121, .T. ) ;
#2347 = DIRECTION ( 'NONE',  ( 0.000000000000000000, 0.000000000000000000, -1.000000000000000000 ) ) ;
#2348 = DIRECTION ( 'NONE',  ( 0.000000000000000000, 1.000000000000000000, 0.000000000000000000 ) ) ;
#2349 = CARTESIAN_POINT ( 'NONE',  ( -20.00000000000000000, 0.000000000000000000, 27.75000000000001066 ) ) ;
#2350 = VERTEX_POINT ( 'NONE', #249 ) ;
#2351 = AXIS2_PLACEMENT_3D ( 'NONE', #1836, #549, #1585 ) ;
#2352 = CARTESIAN_POINT ( 'NONE',  ( -20.00000000000000000, 15.00000000000000000, -29.99999999999998934 ) ) ;
#2353 = CYLINDRICAL_SURFACE ( 'NONE', #2072, 3.750000000000000000 ) ;
#2354 = DIRECTION ( 'NONE',  ( -0.000000000000000000, 1.000000000000000000, -0.000000000000000000 ) ) ;
#2355 = VECTOR ( 'NONE', #1153, 1000.000000000000000 ) ;
#2356 = CARTESIAN_POINT ( 'NONE',  ( 20.00000000000000000, 12.49999999999999645, 33.74999999999998579 ) ) ;
#2357 = CIRCLE ( 'NONE', #13, 3.750000000000000000 ) ;
#2358 = DIRECTION ( 'NONE',  ( 0.000000000000000000, 0.000000000000000000, 1.000000000000000000 ) ) ;
#2359 = LINE ( 'NONE', #21, #2014 ) ;
#2360 = DIRECTION ( 'NONE',  ( 0.000000000000000000, 1.000000000000000000, 0.000000000000000000 ) ) ;
#2361 = ADVANCED_FACE ( 'NONE', ( #29 ), #1325, .F. ) ;
#2362 = CIRCLE ( 'NONE', #732, 3.750000000000000000 ) ;
#2363 = ADVANCED_FACE ( 'NONE', ( #3341 ), #1286, .F. ) ;
#2364 = DIRECTION ( 'NONE',  ( 1.000000000000000000, -0.000000000000000000, 9.084700057485246698E-17 ) ) ;
#2365 = ORIENTED_EDGE ( 'NONE', *, *, #72, .T. ) ;
#2366 = ORIENTED_EDGE ( 'NONE', *, *, #1520, .F. ) ;
#2367 = APPLICATION_CONTEXT ( 'configuration controlled 3d designs of mechanical parts and assemblies' ) ;
#2368 = ORIENTED_EDGE ( 'NONE', *, *, #3004, .F. ) ;
#2369 = CARTESIAN_POINT ( 'NONE',  ( -33.49999999999999289, 17.49999999999999645, 0.000000000000000000 ) ) ;
#2370 = DIRECTION ( 'NONE',  ( -1.000000000000000000, 0.000000000000000000, -9.084700057485244233E-17 ) ) ;
#2371 = CARTESIAN_POINT ( 'NONE',  ( 33.50000000000000711, 17.49999999999999645, 39.01662479035540088 ) ) ;
#2372 = ORIENTED_EDGE ( 'NONE', *, *, #2861, .T. ) ;
#2373 = CARTESIAN_POINT ( 'NONE',  ( -17.62500000000000000, 15.00000000000000000, -0.000000000000000000 ) ) ;
#2374 = DIRECTION ( 'NONE',  ( 0.000000000000000000, -1.000000000000000000, 0.000000000000000000 ) ) ;
#2375 = FACE_OUTER_BOUND ( 'NONE', #426, .T. ) ;
#2376 = CARTESIAN_POINT ( 'NONE',  ( 3.888251624603683901E-15, 17.49999999999999645, -42.79999999999999005 ) ) ;
#2377 = CARTESIAN_POINT ( 'NONE',  ( -20.00000000000000000, 12.49999999999999645, -29.99999999999998934 ) ) ;
#2378 = ORIENTED_EDGE ( 'NONE', *, *, #1651, .F. ) ;
#2379 = DIRECTION ( 'NONE',  ( 0.000000000000000000, 0.000000000000000000, 1.000000000000000000 ) ) ;
#2380 = LINE ( 'NONE', #1594, #1645 ) ;
#2381 = ORIENTED_EDGE ( 'NONE', *, *, #1348, .F. ) ;
#2382 = ADVANCED_FACE ( 'NONE', ( #522 ), #1543, .T. ) ;
#2383 = ORIENTED_EDGE ( 'NONE', *, *, #2632, .T. ) ;
#2384 = DIRECTION ( 'NONE',  ( 0.000000000000000000, 0.000000000000000000, 1.000000000000000000 ) ) ;
#2385 = LINE ( 'NONE', #306, #1433 ) ;
#2386 = CARTESIAN_POINT ( 'NONE',  ( 22.06500000000000483, 17.49999999999999645, 42.80000000000000426 ) ) ;
#2387 = ORIENTED_EDGE ( 'NONE', *, *, #2642, .T. ) ;
#2388 = CIRCLE ( 'NONE', #1679, 3.750000000000000000 ) ;
#2389 = EDGE_CURVE ( 'NONE', #474, #1183, #3360, .T. ) ;
#2390 = CARTESIAN_POINT ( 'NONE',  ( 27.77499999999999858, 17.49999999999999645, -34.06999999999998607 ) ) ;
#2391 = CARTESIAN_POINT ( 'NONE',  ( 17.62499999999999645, 17.49999999999999645, 0.000000000000000000 ) ) ;
#2392 = FACE_OUTER_BOUND ( 'NONE', #1072, .T. ) ;
#2393 = LINE ( 'NONE', #139, #1379 ) ;
#2394 = DIRECTION ( 'NONE',  ( -1.000000000000000000, 0.000000000000000000, 0.000000000000000000 ) ) ;
#2395 = LINE ( 'NONE', #58, #1964 ) ;
#2396 = VECTOR ( 'NONE', #2164, 1000.000000000000000 ) ;
#2397 = DIRECTION ( 'NONE',  ( 1.000000000000000000, -0.000000000000000000, -9.084700057485245466E-17 ) ) ;
#2398 = VERTEX_POINT ( 'NONE', #781 ) ;
#2399 = ORIENTED_EDGE ( 'NONE', *, *, #821, .T. ) ;
#2400 = DIRECTION ( 'NONE',  ( 0.000000000000000000, 0.000000000000000000, 1.000000000000000000 ) ) ;
#2401 = FACE_OUTER_BOUND ( 'NONE', #2240, .T. ) ;
#2402 = CARTESIAN_POINT ( 'NONE',  ( -9.684999999999998721, 17.49999999999999645, -42.79999999999999005 ) ) ;
#2403 = EDGE_CURVE ( 'NONE', #890, #625, #3356, .T. ) ;
#2404 = ORIENTED_EDGE ( 'NONE', *, *, #2389, .T. ) ;
#2405 = EDGE_CURVE ( 'NONE', #2209, #3086, #762, .T. ) ;
#2406 = CARTESIAN_POINT ( 'NONE',  ( -25.56500000000000483, 15.00000000000000000, -0.000000000000000000 ) ) ;
#2407 = AXIS2_PLACEMENT_3D ( 'NONE', #2236, #3019, #724 ) ;
#2408 = SECURITY_CLASSIFICATION_LEVEL ( 'unclassified' ) ;
#2409 = VECTOR ( 'NONE', #1296, 1000.000000000000000 ) ;
#2410 = ORIENTED_EDGE ( 'NONE', *, *, #2085, .F. ) ;
#2411 = CARTESIAN_POINT ( 'NONE',  ( 20.00000000000000000, 12.49999999999999645, -29.99999999999998934 ) ) ;
#2412 = CARTESIAN_POINT ( 'NONE',  ( -33.49999999999999289, 17.49999999999999645, 39.01662479035540798 ) ) ;
#2413 = LINE ( 'NONE', #77, #2131 ) ;
#2414 = CYLINDRICAL_SURFACE ( 'NONE', #1155, 3.750000000000000000 ) ;
#2415 = VECTOR ( 'NONE', #1808, 1000.000000000000000 ) ;
#2416 = AXIS2_PLACEMENT_3D ( 'NONE', #2652, #1447, #1895 ) ;
#2417 = CARTESIAN_POINT ( 'NONE',  ( -27.77499999999999858, 7.499999999999998224, -34.06999999999998607 ) ) ;
#2418 = VERTEX_POINT ( 'NONE', #1871 ) ;
#2419 = CIRCLE ( 'NONE', #3278, 3.750000000000000000 ) ;
#2420 = ORIENTED_EDGE ( 'NONE', *, *, #2802, .F. ) ;
#2421 = AXIS2_PLACEMENT_3D ( 'NONE', #2827, #1230, #2005 ) ;
#2422 = LINE ( 'NONE', #2161, #455 ) ;
#2423 = DIRECTION ( 'NONE',  ( 0.000000000000000000, 1.000000000000000000, -0.000000000000000000 ) ) ;
#2424 = ORIENTED_EDGE ( 'NONE', *, *, #2770, .F. ) ;
#2425 = CARTESIAN_POINT ( 'NONE',  ( -20.00000000000000000, 12.49999999999999645, 30.00000000000001066 ) ) ;
#2426 = CARTESIAN_POINT ( 'NONE',  ( -20.00000000000000000, 12.49999999999999645, -29.99999999999998934 ) ) ;
#2427 = EDGE_CURVE ( 'NONE', #3279, #606, #2106, .T. ) ;
#2428 = EDGE_CURVE ( 'NONE', #98, #785, #1616, .T. ) ;
#2429 = ORIENTED_EDGE ( 'NONE', *, *, #1694, .T. ) ;
#2430 = DIRECTION ( 'NONE',  ( 0.000000000000000000, 0.000000000000000000, -1.000000000000000000 ) ) ;
#2431 = PLANE ( 'NONE',  #171 ) ;
#2432 = DIRECTION ( 'NONE',  ( -0.000000000000000000, 1.000000000000000000, -0.000000000000000000 ) ) ;
#2433 = VERTEX_POINT ( 'NONE', #1794 ) ;
#2434 = DIRECTION ( 'NONE',  ( 0.000000000000000000, -1.000000000000000000, 0.000000000000000000 ) ) ;
#2435 = ORIENTED_EDGE ( 'NONE', *, *, #1959, .F. ) ;
#2436 = ORIENTED_EDGE ( 'NONE', *, *, #1542, .T. ) ;
#2437 = DIRECTION ( 'NONE',  ( -1.000000000000000000, 0.000000000000000000, -9.084700057485244233E-17 ) ) ;
#2438 = VERTEX_POINT ( 'NONE', #2068 ) ;
#2439 = DIRECTION ( 'NONE',  ( 0.000000000000000000, 0.000000000000000000, 1.000000000000000000 ) ) ;
#2440 = DIRECTION ( 'NONE',  ( -0.000000000000000000, -1.000000000000000000, -0.000000000000000000 ) ) ;
#2441 = ORIENTED_EDGE ( 'NONE', *, *, #3233, .T. ) ;
#2442 = LINE ( 'NONE', #899, #2201 ) ;
#2443 = CARTESIAN_POINT ( 'NONE',  ( -14.12499999999999645, 17.49999999999999645, 0.000000000000000000 ) ) ;
#2444 = CARTESIAN_POINT ( 'NONE',  ( 20.00000000000000000, 0.000000000000000000, 30.00000000000000355 ) ) ;
#2445 = CC_DESIGN_PERSON_AND_ORGANIZATION_ASSIGNMENT ( #1702, #2506, ( #2765 ) ) ;
#2446 = ORIENTED_EDGE ( 'NONE', *, *, #1879, .F. ) ;
#2447 = EDGE_CURVE ( 'NONE', #2067, #454, #2915, .T. ) ;
#2448 = DIRECTION ( 'NONE',  ( 0.000000000000000000, 1.000000000000000000, 0.000000000000000000 ) ) ;
#2449 = ORIENTED_EDGE ( 'NONE', *, *, #3251, .T. ) ;
#2450 = CC_DESIGN_PERSON_AND_ORGANIZATION_ASSIGNMENT ( #1621, #1366, ( #2606 ) ) ;
#2451 = VECTOR ( 'NONE', #3245, 1000.000000000000000 ) ;
#2452 = ORIENTED_EDGE ( 'NONE', *, *, #1610, .F. ) ;
#2453 = LINE ( 'NONE', #116, #2342 ) ;
#2454 = ORIENTED_EDGE ( 'NONE', *, *, #821, .F. ) ;
#2455 = DIRECTION ( 'NONE',  ( 0.000000000000000000, 1.000000000000000000, 0.000000000000000000 ) ) ;
#2456 = DATE_AND_TIME ( #2204, #650 ) ;
#2457 = AXIS2_PLACEMENT_3D ( 'NONE', #11, #2423, #267 ) ;
#2458 = VECTOR ( 'NONE', #416, 1000.000000000000000 ) ;
#2459 = CARTESIAN_POINT ( 'NONE',  ( 38.18999999999999062, 0.000000000000000000, 42.79999999999999716 ) ) ;
#2460 = CARTESIAN_POINT ( 'NONE',  ( 20.00000000000000000, 15.00000000000000000, -29.99999999999998934 ) ) ;
#2461 = DIRECTION ( 'NONE',  ( -0.000000000000000000, 1.000000000000000000, -0.000000000000000000 ) ) ;
#2462 = VERTEX_POINT ( 'NONE', #1848 ) ;
#2463 = VECTOR ( 'NONE', #3, 1000.000000000000000 ) ;
#2464 = LINE ( 'NONE', #2943, #2689 ) ;
#2465 = ORIENTED_EDGE ( 'NONE', *, *, #1903, .F. ) ;
#2466 = EDGE_CURVE ( 'NONE', #2142, #1740, #3205, .T. ) ;
#2467 = AXIS2_PLACEMENT_3D ( 'NONE', #1568, #275, #2358 ) ;
#2468 = EDGE_CURVE ( 'NONE', #2497, #1225, #2936, .T. ) ;
#2469 = DIRECTION ( 'NONE',  ( 0.000000000000000000, 1.000000000000000000, -0.000000000000000000 ) ) ;
#2470 = CIRCLE ( 'NONE', #3011, 3.750000000000000000 ) ;
#2471 = EDGE_CURVE ( 'NONE', #2277, #3210, #3107, .T. ) ;
#2472 = VECTOR ( 'NONE', #750, 1000.000000000000000 ) ;
#2473 = ORIENTED_EDGE ( 'NONE', *, *, #2777, .F. ) ;
#2474 = LINE ( 'NONE', #2935, #435 ) ;
#2475 = DIRECTION ( 'NONE',  ( -0.000000000000000000, 1.000000000000000000, -0.000000000000000000 ) ) ;
#2476 = ORIENTED_EDGE ( 'NONE', *, *, #445, .T. ) ;
#2477 = CARTESIAN_POINT ( 'NONE',  ( 25.56499999999999773, 15.00000000000000000, -42.79999999999999005 ) ) ;
#2478 = PLANE ( 'NONE',  #2070 ) ;
#2479 = DIRECTION ( 'NONE',  ( -0.000000000000000000, -1.000000000000000000, -0.000000000000000000 ) ) ;
#2480 = VERTEX_POINT ( 'NONE', #2644 ) ;
#2481 = DIRECTION ( 'NONE',  ( 0.000000000000000000, 0.000000000000000000, -1.000000000000000000 ) ) ;
#2482 = EDGE_LOOP ( 'NONE', ( #2844, #1113, #2643, #3138 ) ) ;
#2483 = ADVANCED_FACE ( 'NONE', ( #586 ), #3125, .T. ) ;
#2484 = CARTESIAN_POINT ( 'NONE',  ( 31.75000000000000000, 7.499999999999998224, 31.94999999999999929 ) ) ;
#2485 = ORIENTED_EDGE ( 'NONE', *, *, #2486, .F. ) ;
#2486 = EDGE_CURVE ( 'NONE', #1154, #2305, #2665, .T. ) ;
#2487 = DIRECTION ( 'NONE',  ( 0.000000000000000000, 1.000000000000000000, 0.000000000000000000 ) ) ;
#2488 = LINE ( 'NONE', #152, #1321 ) ;
#2489 = ORIENTED_EDGE ( 'NONE', *, *, #463, .F. ) ;
#2490 = EDGE_CURVE ( 'NONE', #696, #2462, #489, .T. ) ;
#2491 = DIRECTION ( 'NONE',  ( 0.000000000000000000, 0.000000000000000000, -1.000000000000000000 ) ) ;
#2492 = DIRECTION ( 'NONE',  ( 0.000000000000000000, 1.000000000000000000, -0.000000000000000000 ) ) ;
#2493 = FACE_OUTER_BOUND ( 'NONE', #906, .T. ) ;
#2494 = EDGE_LOOP ( 'NONE', ( #1299, #2266, #2564, #3199 ) ) ;
#2495 = CYLINDRICAL_SURFACE ( 'NONE', #2792, 3.750000000000000000 ) ;
#2496 = CC_DESIGN_APPROVAL ( #1237, ( #2765 ) ) ;
#2497 = VERTEX_POINT ( 'NONE', #2144 ) ;
#2498 = AXIS2_PLACEMENT_3D ( 'NONE', #2603, #2050, #286 ) ;
#2499 = LINE ( 'NONE', #1160, #2891 ) ;
#2500 = EDGE_LOOP ( 'NONE', ( #955, #2898, #2837, #2158 ) ) ;
#2501 = VECTOR ( 'NONE', #1938, 1000.000000000000000 ) ;
#2502 = ORIENTED_EDGE ( 'NONE', *, *, #2092, .T. ) ;
#2503 = VECTOR ( 'NONE', #1329, 1000.000000000000000 ) ;
#2504 = CARTESIAN_POINT ( 'NONE',  ( -30.00000000000000000, 7.499999999999998224, -31.05141175381601926 ) ) ;
#2505 = CARTESIAN_POINT ( 'NONE',  ( -33.49999999999999289, 15.00000000000000000, 39.01662479035540798 ) ) ;
#2506 = PERSON_AND_ORGANIZATION_ROLE ( 'classification_officer' ) ;
#2507 = EDGE_CURVE ( 'NONE', #1670, #2918, #2772, .T. ) ;
#2508 = ORIENTED_EDGE ( 'NONE', *, *, #2274, .F. ) ;
#2509 = ADVANCED_FACE ( 'NONE', ( #1560 ), #340, .F. ) ;
#2510 = FACE_OUTER_BOUND ( 'NONE', #378, .T. ) ;
#2511 = VECTOR ( 'NONE', #1177, 1000.000000000000000 ) ;
#2512 = DIRECTION ( 'NONE',  ( 0.000000000000000000, 0.000000000000000000, 1.000000000000000000 ) ) ;
#2513 = CYLINDRICAL_SURFACE ( 'NONE', #1910, 3.750000000000003553 ) ;
#2514 = ORIENTED_EDGE ( 'NONE', *, *, #714, .T. ) ;
#2515 = EDGE_CURVE ( 'NONE', #2600, #636, #1075, .T. ) ;
#2516 = CARTESIAN_POINT ( 'NONE',  ( -25.56500000000000483, 17.49999999999999645, 42.80000000000000426 ) ) ;
#2517 = ORIENTED_EDGE ( 'NONE', *, *, #869, .F. ) ;
#2518 = CLOSED_SHELL ( 'NONE', ( #251, #797, #182, #1338, #1901, #3208, #3193, #3100, #1592, #908, #3329, #79, #580, #1691, #1790, #2620, #234, #2004, #1810, #25, #2346, #2218, #472, #423, #933, #238, #1796, #2339, #2509, #1166, #1252, #2361, #1005, #1358, #984, #212, #1928, #409, #2980, #319, #1775, #67, #2017, #3209, #1984, #2717, #3178, #1526, #468, #1444, #3174, #910, #2021, #1317, #1254, #1091, #1519, #148, #117, #3335, #1223, #342, #1293, #1562, #2784, #1315, #2382, #599, #2029, #113, #2927, #638, #390, #947, #2160, #405, #136, #875, #2697, #742, #1460, #3058, #2682, #3369, #3084, #2363, #951, #3040, #1236, #1276, #2041, #49, #2483, #3236, #3308, #1772, #2156, #1713 ) ) ;
#2519 = EDGE_CURVE ( 'NONE', #1491, #3039, #3127, .T. ) ;
#2520 = AXIS2_PLACEMENT_3D ( 'NONE', #261, #501, #3120 ) ;
#2521 = DIRECTION ( 'NONE',  ( 0.000000000000000000, 1.000000000000000000, 0.000000000000000000 ) ) ;
#2522 = ORIENTED_EDGE ( 'NONE', *, *, #1733, .T. ) ;
#2523 = AXIS2_PLACEMENT_3D ( 'NONE', #2224, #1490, #1453 ) ;
#2524 = ORIENTED_EDGE ( 'NONE', *, *, #301, .T. ) ;
#2525 = VECTOR ( 'NONE', #3133, 1000.000000000000000 ) ;
#2526 = DIRECTION ( 'NONE',  ( 0.000000000000000000, 0.000000000000000000, -1.000000000000000000 ) ) ;
#2527 = DIRECTION ( 'NONE',  ( 0.000000000000000000, 0.000000000000000000, 1.000000000000000000 ) ) ;
#2528 = VECTOR ( 'NONE', #429, 1000.000000000000000 ) ;
#2529 = VERTEX_POINT ( 'NONE', #2661 ) ;
#2530 = EDGE_CURVE ( 'NONE', #3022, #477, #1580, .T. ) ;
#2531 = LINE ( 'NONE', #959, #2741 ) ;
#2532 = CARTESIAN_POINT ( 'NONE',  ( 20.00000000000000000, 17.49999999999999645, -29.99999999999998934 ) ) ;
#2533 = DIRECTION ( 'NONE',  ( 1.000000000000000000, -0.000000000000000000, 0.000000000000000000 ) ) ;
#2534 = ORIENTED_EDGE ( 'NONE', *, *, #1077, .F. ) ;
#2535 = CC_DESIGN_PERSON_AND_ORGANIZATION_ASSIGNMENT ( #3149, #54, ( #1354 ) ) ;
#2536 = DIRECTION ( 'NONE',  ( -0.000000000000000000, 1.000000000000000000, -0.000000000000000000 ) ) ;
#2537 = VERTEX_POINT ( 'NONE', #2605 ) ;
#2538 = EDGE_CURVE ( 'NONE', #2607, #1241, #2833, .T. ) ;
#2539 = CARTESIAN_POINT ( 'NONE',  ( 17.62499999999999645, 12.49999999999999645, -27.09795330843901695 ) ) ;
#2540 = ORIENTED_EDGE ( 'NONE', *, *, #428, .T. ) ;
#2541 = ORIENTED_EDGE ( 'NONE', *, *, #714, .F. ) ;
#2542 = DIRECTION ( 'NONE',  ( 0.000000000000000000, 0.000000000000000000, 1.000000000000000000 ) ) ;
#2543 = CARTESIAN_POINT ( 'NONE',  ( -1.749999999999999778, 17.49999999999999645, -0.000000000000000000 ) ) ;
#2544 = ORIENTED_EDGE ( 'NONE', *, *, #1886, .F. ) ;
#2545 = CARTESIAN_POINT ( 'NONE',  ( -27.77499999999999858, 7.499999999999998224, -37.81999999999999318 ) ) ;
#2546 = LINE ( 'NONE', #1247, #2243 ) ;
#2547 = DIRECTION ( 'NONE',  ( -1.000000000000000000, 0.000000000000000000, -9.084700057485244233E-17 ) ) ;
#2548 = VERTEX_POINT ( 'NONE', #1631 ) ;
#2549 = FACE_OUTER_BOUND ( 'NONE', #262, .T. ) ;
#2550 = ORIENTED_EDGE ( 'NONE', *, *, #987, .F. ) ;
#2551 = EDGE_CURVE ( 'NONE', #1225, #1521, #1127, .T. ) ;
#2552 = EDGE_LOOP ( 'NONE', ( #864, #2436 ) ) ;
#2553 = VECTOR ( 'NONE', #46, 1000.000000000000000 ) ;
#2554 = ORIENTED_EDGE ( 'NONE', *, *, #2657, .T. ) ;
#2555 = CARTESIAN_POINT ( 'NONE',  ( 33.50000000000000711, 15.00000000000000000, 0.000000000000000000 ) ) ;
#2556 = PLANE ( 'NONE',  #1053 ) ;
#2557 = VERTEX_POINT ( 'NONE', #288 ) ;
#2558 = CIRCLE ( 'NONE', #2612, 3.750000000000000000 ) ;
#2559 = CARTESIAN_POINT ( 'NONE',  ( -6.184999999999997833, 17.49999999999999645, -0.000000000000000000 ) ) ;
#2560 = FACE_OUTER_BOUND ( 'NONE', #1596, .T. ) ;
#2561 = CARTESIAN_POINT ( 'NONE',  ( -30.00000000000000000, 15.00000000000000000, -42.79999999999999005 ) ) ;
#2562 = ORIENTED_EDGE ( 'NONE', *, *, #221, .F. ) ;
#2563 = DIRECTION ( 'NONE',  ( 0.000000000000000000, 1.000000000000000000, 0.000000000000000000 ) ) ;
#2564 = ORIENTED_EDGE ( 'NONE', *, *, #361, .T. ) ;
#2565 = VECTOR ( 'NONE', #2244, 1000.000000000000000 ) ;
#2566 = AXIS2_PLACEMENT_3D ( 'NONE', #1201, #2533, #381 ) ;
#2567 = ORIENTED_EDGE ( 'NONE', *, *, #486, .T. ) ;
#2568 = EDGE_CURVE ( 'NONE', #1272, #496, #3160, .T. ) ;
#2569 = CIRCLE ( 'NONE', #1477, 3.750000000000000000 ) ;
#2570 = ORIENTED_EDGE ( 'NONE', *, *, #2262, .F. ) ;
#2571 = EDGE_CURVE ( 'NONE', #753, #606, #1850, .T. ) ;
#2572 = DIRECTION ( 'NONE',  ( -0.000000000000000000, 1.000000000000000000, -0.000000000000000000 ) ) ;
#2573 = DIRECTION ( 'NONE',  ( 0.000000000000000000, 0.000000000000000000, -1.000000000000000000 ) ) ;
#2574 = AXIS2_PLACEMENT_3D ( 'NONE', #2391, #2330, #1548 ) ;
#2575 = AXIS2_PLACEMENT_3D ( 'NONE', #807, #1840, #3151 ) ;
#2576 = ORIENTED_EDGE ( 'NONE', *, *, #2736, .T. ) ;
#2577 = EDGE_CURVE ( 'NONE', #1761, #1657, #2162, .T. ) ;
#2578 = DIRECTION ( 'NONE',  ( 0.000000000000000000, 0.000000000000000000, 1.000000000000000000 ) ) ;
#2579 = FACE_OUTER_BOUND ( 'NONE', #1188, .T. ) ;
#2580 = PLANE ( 'NONE',  #3351 ) ;
#2581 = AXIS2_PLACEMENT_3D ( 'NONE', #3116, #3150, #576 ) ;
#2582 = AXIS2_PLACEMENT_3D ( 'NONE', #657, #882, #3252 ) ;
#2583 = CARTESIAN_POINT ( 'NONE',  ( -20.00000000000000000, 12.49999999999999645, -33.74999999999998579 ) ) ;
#2584 = ORIENTED_EDGE ( 'NONE', *, *, #2515, .F. ) ;
#2585 = UNCERTAINTY_MEASURE_WITH_UNIT (LENGTH_MEASURE( 1.000000000000000082E-05 ), #2952, 'distance_accuracy_value', 'NONE');
#2586 = CARTESIAN_POINT ( 'NONE',  ( 20.00000000000000000, 17.49999999999999645, 29.99999999999998934 ) ) ;
#2587 = ORIENTED_EDGE ( 'NONE', *, *, #1071, .T. ) ;
#2588 = VERTEX_POINT ( 'NONE', #800 ) ;
#2589 = DIRECTION ( 'NONE',  ( 0.000000000000000000, 0.000000000000000000, -1.000000000000000000 ) ) ;
#2590 = CARTESIAN_POINT ( 'NONE',  ( -30.00000000000000000, 7.499999999999998224, 32.38337520964460481 ) ) ;
#2591 = VERTEX_POINT ( 'NONE', #817 ) ;
#2592 = DIRECTION ( 'NONE',  ( 0.000000000000000000, 0.000000000000000000, -1.000000000000000000 ) ) ;
#2593 = DIRECTION ( 'NONE',  ( 0.000000000000000000, 0.000000000000000000, 1.000000000000000000 ) ) ;
#2594 = LINE ( 'NONE', #1785, #3083 ) ;
#2595 = EDGE_CURVE ( 'NONE', #1906, #713, #1832, .T. ) ;
#2596 = CARTESIAN_POINT ( 'NONE',  ( -25.56500000000000483, 17.49999999999999645, 0.000000000000000000 ) ) ;
#2597 = LINE ( 'NONE', #2653, #2409 ) ;
#2598 = CARTESIAN_POINT ( 'NONE',  ( 22.06500000000000483, 17.49999999999999645, 33.13021964085587712 ) ) ;
#2599 = DIRECTION ( 'NONE',  ( 0.000000000000000000, 1.000000000000000000, 0.000000000000000000 ) ) ;
#2600 = VERTEX_POINT ( 'NONE', #1873 ) ;
#2601 = ORIENTED_EDGE ( 'NONE', *, *, #2613, .F. ) ;
#2602 = VERTEX_POINT ( 'NONE', #2897 ) ;
#2603 = CARTESIAN_POINT ( 'NONE',  ( 17.62499999999999645, 17.49999999999999645, 0.000000000000000000 ) ) ;
#2604 = DIRECTION ( 'NONE',  ( 0.000000000000000000, 1.000000000000000000, 0.000000000000000000 ) ) ;
#2605 = CARTESIAN_POINT ( 'NONE',  ( -25.56500000000000483, 15.00000000000000000, -37.09958743065784148 ) ) ;
#2606 = PRODUCT_DEFINITION_FORMATION_WITH_SPECIFIED_SOURCE ( '任何', '', #1354, .NOT_KNOWN. ) ;
#2607 = VERTEX_POINT ( 'NONE', #2371 ) ;
#2608 = PLANE ( 'NONE',  #1902 ) ;
#2609 = CARTESIAN_POINT ( 'NONE',  ( 27.77499999999999858, 7.499999999999998224, -34.06999999999998607 ) ) ;
#2610 = DIRECTION ( 'NONE',  ( 0.000000000000000000, 1.000000000000000000, -0.000000000000000000 ) ) ;
#2611 = EDGE_CURVE ( 'NONE', #2233, #459, #115, .T. ) ;
#2612 = AXIS2_PLACEMENT_3D ( 'NONE', #1397, #2487, #2439 ) ;
#2613 = EDGE_CURVE ( 'NONE', #1817, #2832, #611, .T. ) ;
#2614 = LINE ( 'NONE', #1098, #1597 ) ;
#2615 = DIRECTION ( 'NONE',  ( 0.000000000000000000, 0.000000000000000000, 1.000000000000000000 ) ) ;
#2616 = PLANE ( 'NONE',  #939 ) ;
#2617 = DIRECTION ( 'NONE',  ( 0.000000000000000000, 1.000000000000000000, -0.000000000000000000 ) ) ;
#2618 = DIRECTION ( 'NONE',  ( -1.000000000000000000, 0.000000000000000000, 9.084700057485246698E-17 ) ) ;
#2619 = ORIENTED_EDGE ( 'NONE', *, *, #1049, .F. ) ;
#2620 = ADVANCED_FACE ( 'NONE', ( #2917 ), #567, .T. ) ;
#2621 = VERTEX_POINT ( 'NONE', #1327 ) ;
#2622 = VECTOR ( 'NONE', #659, 1000.000000000000000 ) ;
#2623 = EDGE_LOOP ( 'NONE', ( #1846, #2658, #1197, #1006 ) ) ;
#2624 = CARTESIAN_POINT ( 'NONE',  ( 20.00000000000000000, 12.49999999999999645, -29.99999999999998934 ) ) ;
#2625 = CARTESIAN_POINT ( 'NONE',  ( 31.75000000000000000, 7.499999999999998224, 39.45000000000000284 ) ) ;
#2626 = DIRECTION ( 'NONE',  ( -0.000000000000000000, 1.000000000000000000, -0.000000000000000000 ) ) ;
#2627 = VERTEX_POINT ( 'NONE', #2402 ) ;
#2628 = AXIS2_PLACEMENT_3D ( 'NONE', #834, #23, #1298 ) ;
#2629 = FACE_OUTER_BOUND ( 'NONE', #1429, .T. ) ;
#2630 = FACE_OUTER_BOUND ( 'NONE', #1540, .T. ) ;
#2631 = AXIS2_PLACEMENT_3D ( 'NONE', #3096, #1804, #1013 ) ;
#2632 = EDGE_CURVE ( 'NONE', #233, #3264, #1110, .T. ) ;
#2633 = DIRECTION ( 'NONE',  ( 0.000000000000000000, 1.000000000000000000, 0.000000000000000000 ) ) ;
#2634 = AXIS2_PLACEMENT_3D ( 'NONE', #1987, #491, #1731 ) ;
#2635 = LINE ( 'NONE', #1333, #2299 ) ;
#2636 = CARTESIAN_POINT ( 'NONE',  ( -27.77499999999999858, 7.499999999999998224, -30.31999999999998963 ) ) ;
#2637 = LINE ( 'NONE', #1996, #1038 ) ;
#2638 = EDGE_CURVE ( 'NONE', #2462, #696, #3095, .T. ) ;
#2639 = AXIS2_PLACEMENT_3D ( 'NONE', #350, #3237, #2970 ) ;
#2640 = PLANE ( 'NONE',  #1968 ) ;
#2641 = ORIENTED_EDGE ( 'NONE', *, *, #3023, .T. ) ;
#2642 = EDGE_CURVE ( 'NONE', #1498, #2627, #31, .T. ) ;
#2643 = ORIENTED_EDGE ( 'NONE', *, *, #2276, .T. ) ;
#2644 = CARTESIAN_POINT ( 'NONE',  ( -38.18999999999999773, 17.49999999999999645, -42.79999999999999716 ) ) ;
#2645 = CARTESIAN_POINT ( 'NONE',  ( 0.000000000000000000, 15.00000000000000000, 0.000000000000000000 ) ) ;
#2646 = CARTESIAN_POINT ( 'NONE',  ( 0.000000000000000000, 17.49999999999999645, 0.000000000000000000 ) ) ;
#2647 = ORIENTED_EDGE ( 'NONE', *, *, #2447, .T. ) ;
#2648 = FACE_OUTER_BOUND ( 'NONE', #2494, .T. ) ;
#2649 = FACE_OUTER_BOUND ( 'NONE', #1661, .T. ) ;
#2650 = PERSON_AND_ORGANIZATION ( #282, #482 ) ;
#2651 = CARTESIAN_POINT ( 'NONE',  ( 25.56499999999999773, 15.00000000000000000, -31.04041256934214132 ) ) ;
#2652 = CARTESIAN_POINT ( 'NONE',  ( 0.000000000000000000, 15.00000000000000000, 0.000000000000000000 ) ) ;
#2653 = CARTESIAN_POINT ( 'NONE',  ( -20.00000000000000000, 12.49999999999999645, -26.24999999999998934 ) ) ;
#2654 = LINE ( 'NONE', #352, #666 ) ;
#2655 = CARTESIAN_POINT ( 'NONE',  ( 3.888251624603683901E-15, 17.49999999999999645, -42.79999999999999005 ) ) ;
#2656 = VERTEX_POINT ( 'NONE', #2933 ) ;
#2657 = EDGE_CURVE ( 'NONE', #2280, #193, #617, .T. ) ;
#2658 = ORIENTED_EDGE ( 'NONE', *, *, #407, .T. ) ;
#2659 = CARTESIAN_POINT ( 'NONE',  ( 25.56499999999999773, 17.49999999999999645, 0.000000000000000000 ) ) ;
#2660 = DIRECTION ( 'NONE',  ( 0.000000000000000000, 0.000000000000000000, 1.000000000000000000 ) ) ;
#2661 = CARTESIAN_POINT ( 'NONE',  ( 30.00000000000000000, 17.49999999999999645, -42.79999999999999005 ) ) ;
#2662 = ORIENTED_EDGE ( 'NONE', *, *, #2151, .F. ) ;
#2663 = LINE ( 'NONE', #1563, #1271 ) ;
#2664 = EDGE_CURVE ( 'NONE', #909, #2433, #891, .T. ) ;
#2665 = CIRCLE ( 'NONE', #161, 3.750000000000003553 ) ;
#2666 = CARTESIAN_POINT ( 'NONE',  ( 22.06500000000000483, 17.49999999999999645, 0.000000000000000000 ) ) ;
#2667 = CARTESIAN_POINT ( 'NONE',  ( 33.50000000000000711, 17.49999999999999645, 32.38337520964460481 ) ) ;
#2668 = DIRECTION ( 'NONE',  ( -0.000000000000000000, 1.000000000000000000, -0.000000000000000000 ) ) ;
#2669 = CARTESIAN_POINT ( 'NONE',  ( 20.00000000000000000, 0.000000000000000000, -32.24999999999998579 ) ) ;
#2670 = CARTESIAN_POINT ( 'NONE',  ( -20.00000000000000000, 17.49999999999999645, -29.99999999999998934 ) ) ;
#2671 = ORIENTED_EDGE ( 'NONE', *, *, #2611, .T. ) ;
#2672 = ORIENTED_EDGE ( 'NONE', *, *, #2638, .T. ) ;
#2673 = EDGE_CURVE ( 'NONE', #1408, #1277, #2965, .T. ) ;
#2674 = DIRECTION ( 'NONE',  ( 0.000000000000000000, 0.000000000000000000, 1.000000000000000000 ) ) ;
#2675 = DIRECTION ( 'NONE',  ( -0.000000000000000000, -1.000000000000000000, -0.000000000000000000 ) ) ;
#2676 = EDGE_CURVE ( 'NONE', #2931, #2591, #2499, .T. ) ;
#2677 = ORIENTED_EDGE ( 'NONE', *, *, #109, .F. ) ;
#2678 = DIRECTION ( 'NONE',  ( 0.000000000000000000, 0.000000000000000000, -1.000000000000000000 ) ) ;
#2679 = LINE ( 'NONE', #863, #103 ) ;
#2680 = VECTOR ( 'NONE', #156, 1000.000000000000000 ) ;
#2681 = ORIENTED_EDGE ( 'NONE', *, *, #72, .F. ) ;
#2682 = ADVANCED_FACE ( 'NONE', ( #1455, #3260 ), #2212, .T. ) ;
#2683 = CARTESIAN_POINT ( 'NONE',  ( 3.888251624603685478E-15, 17.49999999999999645, 42.80000000000000426 ) ) ;
#2684 = LINE ( 'NONE', #1718, #504 ) ;
#2685 = DIRECTION ( 'NONE',  ( 0.000000000000000000, 0.000000000000000000, 1.000000000000000000 ) ) ;
#2686 = DIRECTION ( 'NONE',  ( 0.000000000000000000, 0.000000000000000000, 1.000000000000000000 ) ) ;
#2687 = CIRCLE ( 'NONE', #2953, 3.750000000000003553 ) ;
#2688 = ORIENTED_EDGE ( 'NONE', *, *, #2490, .T. ) ;
#2689 = VECTOR ( 'NONE', #2397, 1000.000000000000000 ) ;
#2690 = DIRECTION ( 'NONE',  ( 1.000000000000000000, -0.000000000000000000, -9.084700057485245466E-17 ) ) ;
#2691 = ORIENTED_EDGE ( 'NONE', *, *, #1954, .F. ) ;
#2692 = CIRCLE ( 'NONE', #75, 3.750000000000003553 ) ;
#2693 = ORIENTED_EDGE ( 'NONE', *, *, #757, .F. ) ;
#2694 = FACE_OUTER_BOUND ( 'NONE', #2552, .T. ) ;
#2695 = VERTEX_POINT ( 'NONE', #1921 ) ;
#2696 = DIRECTION ( 'NONE',  ( 0.000000000000000000, 0.000000000000000000, -1.000000000000000000 ) ) ;
#2697 = ADVANCED_FACE ( 'NONE', ( #2694 ), #1967, .T. ) ;
#2698 = EDGE_LOOP ( 'NONE', ( #1323, #1766, #1265, #203 ) ) ;
#2699 = DIRECTION ( 'NONE',  ( 0.000000000000000000, 1.000000000000000000, 0.000000000000000000 ) ) ;
#2700 = PLANE ( 'NONE',  #559 ) ;
#2701 = FACE_OUTER_BOUND ( 'NONE', #2341, .T. ) ;
#2702 = EDGE_LOOP ( 'NONE', ( #1179, #2181, #1828, #1845 ) ) ;
#2703 = EDGE_CURVE ( 'NONE', #1999, #2223, #1522, .T. ) ;
#2704 = DIRECTION ( 'NONE',  ( 0.000000000000000000, 0.000000000000000000, 1.000000000000000000 ) ) ;
#2705 = ORIENTED_EDGE ( 'NONE', *, *, #1196, .F. ) ;
#2706 = ORIENTED_EDGE ( 'NONE', *, *, #153, .F. ) ;
#2707 = PLANE ( 'NONE',  #1473 ) ;
#2708 = ORIENTED_EDGE ( 'NONE', *, *, #1680, .F. ) ;
#2709 = DIRECTION ( 'NONE',  ( 0.000000000000000000, 0.000000000000000000, -1.000000000000000000 ) ) ;
#2710 = LOCAL_TIME ( 13, 38, 10.00000000000000000, #377 ) ;
#2711 = ORIENTED_EDGE ( 'NONE', *, *, #2197, .F. ) ;
#2712 = FACE_OUTER_BOUND ( 'NONE', #3359, .T. ) ;
#2713 = DIRECTION ( 'NONE',  ( 0.000000000000000000, 1.000000000000000000, 0.000000000000000000 ) ) ;
#2714 = DIRECTION ( 'NONE',  ( 0.000000000000000000, 1.000000000000000000, 0.000000000000000000 ) ) ;
#2715 = AXIS2_PLACEMENT_3D ( 'NONE', #1023, #2287, #2055 ) ;
#2716 = ORIENTED_EDGE ( 'NONE', *, *, #600, .F. ) ;
#2717 = ADVANCED_FACE ( 'NONE', ( #635 ), #2707, .T. ) ;
#2718 = DIRECTION ( 'NONE',  ( 0.000000000000000000, 0.000000000000000000, 1.000000000000000000 ) ) ;
#2719 = ORIENTED_EDGE ( 'NONE', *, *, #36, .F. ) ;
#2720 = DESIGN_CONTEXT ( 'detailed design', #207, 'design' ) ;
#2721 = DIRECTION ( 'NONE',  ( 1.000000000000000000, 0.000000000000000000, -9.084700057485245466E-17 ) ) ;
#2722 = VERTEX_POINT ( 'NONE', #3010 ) ;
#2723 = CARTESIAN_POINT ( 'NONE',  ( 31.75000000000000000, 7.499999999999998224, 35.70000000000000284 ) ) ;
#2724 = AXIS2_PLACEMENT_3D ( 'NONE', #1426, #2469, #2947 ) ;
#2725 = ORIENTED_EDGE ( 'NONE', *, *, #694, .T. ) ;
#2726 = VECTOR ( 'NONE', #2007, 1000.000000000000000 ) ;
#2727 = DIRECTION ( 'NONE',  ( -1.000000000000000000, 0.000000000000000000, -9.084700057485244233E-17 ) ) ;
#2728 = CARTESIAN_POINT ( 'NONE',  ( 14.12500000000000355, 17.49999999999999645, 0.000000000000000000 ) ) ;
#2729 = CARTESIAN_POINT ( 'NONE',  ( 25.56499999999999773, 17.49999999999999645, -37.09958743065783437 ) ) ;
#2730 = ORIENTED_EDGE ( 'NONE', *, *, #36, .T. ) ;
#2731 = VECTOR ( 'NONE', #2207, 1000.000000000000000 ) ;
#2732 = EDGE_CURVE ( 'NONE', #2190, #3052, #2453, .T. ) ;
#2733 = AXIS2_PLACEMENT_3D ( 'NONE', #2846, #1061, #2054 ) ;
#2734 = CARTESIAN_POINT ( 'NONE',  ( 38.18999999999999062, 0.000000000000000000, 42.79999999999999716 ) ) ;
#2735 = VERTEX_POINT ( 'NONE', #934 ) ;
#2736 = EDGE_CURVE ( 'NONE', #3235, #2656, #1191, .T. ) ;
#2737 = VECTOR ( 'NONE', #2750, 1000.000000000000000 ) ;
#2738 = CARTESIAN_POINT ( 'NONE',  ( 22.06500000000000483, 15.00000000000000000, -33.13021964085587712 ) ) ;
#2739 = VECTOR ( 'NONE', #3169, 1000.000000000000000 ) ;
#2740 = EDGE_CURVE ( 'NONE', #941, #2600, #907, .T. ) ;
#2741 = VECTOR ( 'NONE', #1768, 1000.000000000000000 ) ;
#2742 = ORIENTED_EDGE ( 'NONE', *, *, #469, .F. ) ;
#2743 = CARTESIAN_POINT ( 'NONE',  ( -30.00000000000000000, 15.00000000000000000, -37.08858824618395289 ) ) ;
#2744 = CARTESIAN_POINT ( 'NONE',  ( -31.75000000000000000, 15.00000000000000000, 35.70000000000000284 ) ) ;
#2745 = ORIENTED_EDGE ( 'NONE', *, *, #530, .F. ) ;
#2746 = DIRECTION ( 'NONE',  ( 0.000000000000000000, 0.000000000000000000, 1.000000000000000000 ) ) ;
#2747 = LINE ( 'NONE', #943, #1965 ) ;
#2748 = CARTESIAN_POINT ( 'NONE',  ( 22.06500000000000483, 15.00000000000000000, 0.000000000000000000 ) ) ;
#2749 = EDGE_LOOP ( 'NONE', ( #2550, #462, #413, #2093, #861, #1207, #808, #2681 ) ) ;
#2750 = DIRECTION ( 'NONE',  ( -0.000000000000000000, 1.000000000000000000, -0.000000000000000000 ) ) ;
#2751 = EDGE_LOOP ( 'NONE', ( #2671, #589 ) ) ;
#2752 = EDGE_CURVE ( 'NONE', #1409, #1464, #1908, .T. ) ;
#2753 = DIRECTION ( 'NONE',  ( 0.000000000000000000, 1.000000000000000000, 0.000000000000000000 ) ) ;
#2754 = EDGE_CURVE ( 'NONE', #730, #1900, #2976, .T. ) ;
#2755 = VERTEX_POINT ( 'NONE', #388 ) ;
#2756 = CARTESIAN_POINT ( 'NONE',  ( -20.00000000000000000, 0.000000000000000000, -29.99999999999998934 ) ) ;
#2757 = CARTESIAN_POINT ( 'NONE',  ( -17.62500000000000000, 17.49999999999999645, 0.000000000000000000 ) ) ;
#2758 = VERTEX_POINT ( 'NONE', #1206 ) ;
#2759 = EDGE_CURVE ( 'NONE', #481, #2771, #2780, .T. ) ;
#2760 = CARTESIAN_POINT ( 'NONE',  ( -38.18999999999999773, 0.000000000000000000, -42.79999999999999005 ) ) ;
#2761 = CARTESIAN_POINT ( 'NONE',  ( 31.75000000000000000, 17.49999999999999645, 35.70000000000000284 ) ) ;
#2762 = DIRECTION ( 'NONE',  ( 0.000000000000000000, -0.000000000000000000, 1.000000000000000000 ) ) ;
#2763 = VERTEX_POINT ( 'NONE', #2738 ) ;
#2764 = DIRECTION ( 'NONE',  ( -0.000000000000000000, 1.000000000000000000, -0.000000000000000000 ) ) ;
#2765 = SECURITY_CLASSIFICATION ( '', '', #2408 ) ;
#2766 = ORIENTED_EDGE ( 'NONE', *, *, #1654, .T. ) ;
#2767 = CARTESIAN_POINT ( 'NONE',  ( 38.18999999999999062, 15.00000000000000000, 42.79999999999999716 ) ) ;
#2768 = ORIENTED_EDGE ( 'NONE', *, *, #3123, .T. ) ;
#2769 = AXIS2_PLACEMENT_3D ( 'NONE', #2723, #2203, #911 ) ;
#2770 = EDGE_CURVE ( 'NONE', #2771, #2832, #408, .T. ) ;
#2771 = VERTEX_POINT ( 'NONE', #2484 ) ;
#2772 = CIRCLE ( 'NONE', #3358, 3.750000000000000000 ) ;
#2773 = EDGE_CURVE ( 'NONE', #3121, #2967, #147, .T. ) ;
#2774 = CARTESIAN_POINT ( 'NONE',  ( -17.62500000000000000, 17.49999999999999645, -27.09795330843900985 ) ) ;
#2775 = PLANE ( 'NONE',  #2250 ) ;
#2776 = APPROVAL_DATE_TIME ( #122, #1237 ) ;
#2777 = EDGE_CURVE ( 'NONE', #2722, #1458, #2226, .T. ) ;
#2778 = ORIENTED_EDGE ( 'NONE', *, *, #215, .F. ) ;
#2779 = DIRECTION ( 'NONE',  ( 0.000000000000000000, 0.000000000000000000, -1.000000000000000000 ) ) ;
#2780 = CIRCLE ( 'NONE', #2724, 3.750000000000003553 ) ;
#2781 = CARTESIAN_POINT ( 'NONE',  ( -20.00000000000000000, 17.49999999999999645, 26.24999999999998934 ) ) ;
#2782 = CARTESIAN_POINT ( 'NONE',  ( -22.06499999999999773, 15.00000000000000000, -33.13021964085588422 ) ) ;
#2783 = VERTEX_POINT ( 'NONE', #2598 ) ;
#2784 = ADVANCED_FACE ( 'NONE', ( #456 ), #1982, .T. ) ;
#2785 = VECTOR ( 'NONE', #1335, 1000.000000000000000 ) ;
#2786 = FACE_OUTER_BOUND ( 'NONE', #3043, .T. ) ;
#2787 = ORIENTED_EDGE ( 'NONE', *, *, #716, .F. ) ;
#2788 = AXIS2_PLACEMENT_3D ( 'NONE', #3031, #430, #3314 ) ;
#2789 = VECTOR ( 'NONE', #1917, 1000.000000000000000 ) ;
#2790 = DIRECTION ( 'NONE',  ( 0.000000000000000000, 1.000000000000000000, -0.000000000000000000 ) ) ;
#2791 = EDGE_LOOP ( 'NONE', ( #2368, #1882, #216, #540 ) ) ;
#2792 = AXIS2_PLACEMENT_3D ( 'NONE', #743, #2764, #433 ) ;
#2793 = ORIENTED_EDGE ( 'NONE', *, *, #1981, .T. ) ;
#2794 = VECTOR ( 'NONE', #2859, 1000.000000000000000 ) ;
#2795 = CARTESIAN_POINT ( 'NONE',  ( 30.00000000000000000, 17.49999999999999645, -42.79999999999999005 ) ) ;
#2796 = PLANE ( 'NONE',  #897 ) ;
#2797 = VECTOR ( 'NONE', #2727, 1000.000000000000000 ) ;
#2798 = ORIENTED_EDGE ( 'NONE', *, *, #2180, .F. ) ;
#2799 = CARTESIAN_POINT ( 'NONE',  ( -9.684999999999998721, -70.67152385711368368, 42.80000000000000426 ) ) ;
#2800 = PLANE ( 'NONE',  #2788 ) ;
#2801 = DIRECTION ( 'NONE',  ( 0.000000000000000000, -0.000000000000000000, 1.000000000000000000 ) ) ;
#2802 = EDGE_CURVE ( 'NONE', #3065, #616, #3098, .T. ) ;
#2803 = ORIENTED_EDGE ( 'NONE', *, *, #2237, .F. ) ;
#2804 = EDGE_CURVE ( 'NONE', #2755, #2921, #258, .T. ) ;
#2805 = DIRECTION ( 'NONE',  ( -0.000000000000000000, 1.000000000000000000, -0.000000000000000000 ) ) ;
#2806 = ORIENTED_EDGE ( 'NONE', *, *, #2770, .T. ) ;
#2807 = EDGE_CURVE ( 'NONE', #140, #2537, #1205, .T. ) ;
#2808 = ORIENTED_EDGE ( 'NONE', *, *, #2577, .T. ) ;
#2809 = ORIENTED_EDGE ( 'NONE', *, *, #2910, .T. ) ;
#2810 = LINE ( 'NONE', #2504, #2228 ) ;
#2811 = FACE_BOUND ( 'NONE', #1105, .T. ) ;
#2812 = ORIENTED_EDGE ( 'NONE', *, *, #719, .F. ) ;
#2813 = CARTESIAN_POINT ( 'NONE',  ( 9.685000000000005826, 17.49999999999999645, -42.79999999999999005 ) ) ;
#2814 = DIRECTION ( 'NONE',  ( -0.000000000000000000, 1.000000000000000000, -0.000000000000000000 ) ) ;
#2815 = CARTESIAN_POINT ( 'NONE',  ( 38.18999999999999062, 15.00000000000000000, 42.79999999999999716 ) ) ;
#2816 = ORIENTED_EDGE ( 'NONE', *, *, #2403, .T. ) ;
#2817 = EDGE_CURVE ( 'NONE', #1577, #3086, #2637, .T. ) ;
#2818 = CARTESIAN_POINT ( 'NONE',  ( -30.00000000000000000, 17.49999999999999645, 42.80000000000000426 ) ) ;
#2819 = ORIENTED_EDGE ( 'NONE', *, *, #647, .F. ) ;
#2820 = EDGE_CURVE ( 'NONE', #2997, #2783, #809, .T. ) ;
#2821 = ORIENTED_EDGE ( 'NONE', *, *, #626, .F. ) ;
#2822 = EDGE_LOOP ( 'NONE', ( #1988, #779, #3240, #391 ) ) ;
#2823 = CARTESIAN_POINT ( 'NONE',  ( -27.77499999999999858, 17.49999999999999645, -34.06999999999998607 ) ) ;
#2824 = FACE_OUTER_BOUND ( 'NONE', #60, .T. ) ;
#2825 = ORIENTED_EDGE ( 'NONE', *, *, #2657, .F. ) ;
#2826 = VECTOR ( 'NONE', #3262, 1000.000000000000000 ) ;
#2827 = CARTESIAN_POINT ( 'NONE',  ( -20.00000000000000000, 17.49999999999999645, 29.99999999999998934 ) ) ;
#2828 = CARTESIAN_POINT ( 'NONE',  ( 20.00000000000000000, 12.49999999999999645, 29.99999999999998934 ) ) ;
#2829 = CARTESIAN_POINT ( 'NONE',  ( -9.684999999999998721, 17.49999999999999645, -0.000000000000000000 ) ) ;
#2830 = ORIENTED_EDGE ( 'NONE', *, *, #321, .T. ) ;
#2831 = LINE ( 'NONE', #790, #2195 ) ;
#2832 = VERTEX_POINT ( 'NONE', #1239 ) ;
#2833 = CIRCLE ( 'NONE', #2457, 3.750000000000003553 ) ;
#2834 = VECTOR ( 'NONE', #2059, 1000.000000000000000 ) ;
#2835 = FACE_OUTER_BOUND ( 'NONE', #176, .T. ) ;
#2836 = EDGE_CURVE ( 'NONE', #1725, #2890, #1743, .T. ) ;
#2837 = ORIENTED_EDGE ( 'NONE', *, *, #2910, .F. ) ;
#2838 = EDGE_LOOP ( 'NONE', ( #1288, #1244 ) ) ;
#2839 = CARTESIAN_POINT ( 'NONE',  ( 27.77499999999999858, 17.49999999999999645, -34.06999999999998607 ) ) ;
#2840 = DIRECTION ( 'NONE',  ( 0.000000000000000000, 1.000000000000000000, 0.000000000000000000 ) ) ;
#2841 = AXIS2_PLACEMENT_3D ( 'NONE', #2417, #3225, #1627 ) ;
#2842 = EDGE_CURVE ( 'NONE', #2997, #336, #1259, .T. ) ;
#2843 = AXIS2_PLACEMENT_3D ( 'NONE', #1701, #314, #2940 ) ;
#2844 = ORIENTED_EDGE ( 'NONE', *, *, #2773, .F. ) ;
#2845 = DIRECTION ( 'NONE',  ( 0.000000000000000000, 0.000000000000000000, -1.000000000000000000 ) ) ;
#2846 = CARTESIAN_POINT ( 'NONE',  ( 0.000000000000000000, 17.49999999999999645, 0.000000000000000000 ) ) ;
#2847 = LINE ( 'NONE', #2815, #537 ) ;
#2848 = VECTOR ( 'NONE', #2097, 1000.000000000000000 ) ;
#2849 = VECTOR ( 'NONE', #2038, 1000.000000000000000 ) ;
#2850 = CARTESIAN_POINT ( 'NONE',  ( 30.00000000000000000, 15.00000000000000000, -42.79999999999998295 ) ) ;
#2851 = PLANE ( 'NONE',  #615 ) ;
#2852 = DIRECTION ( 'NONE',  ( 0.000000000000000000, 0.000000000000000000, 1.000000000000000000 ) ) ;
#2853 = CARTESIAN_POINT ( 'NONE',  ( -33.49999999999999289, 7.499999999999998224, 32.38337520964459770 ) ) ;
#2854 = ORIENTED_EDGE ( 'NONE', *, *, #2043, .F. ) ;
#2855 = VERTEX_POINT ( 'NONE', #2260 ) ;
#2856 = ORIENTED_EDGE ( 'NONE', *, *, #1492, .F. ) ;
#2857 = EDGE_CURVE ( 'NONE', #1260, #1532, #889, .T. ) ;
#2858 = DIRECTION ( 'NONE',  ( 0.000000000000000000, -1.000000000000000000, 0.000000000000000000 ) ) ;
#2859 = DIRECTION ( 'NONE',  ( -0.000000000000000000, 1.000000000000000000, -0.000000000000000000 ) ) ;
#2860 = DIRECTION ( 'NONE',  ( 0.000000000000000000, 0.000000000000000000, 1.000000000000000000 ) ) ;
#2861 = EDGE_CURVE ( 'NONE', #2263, #713, #3156, .T. ) ;
#2862 = ORIENTED_EDGE ( 'NONE', *, *, #7, .F. ) ;
#2863 = CARTESIAN_POINT ( 'NONE',  ( 33.50000000000000711, 17.49999999999999645, -42.79999999999999005 ) ) ;
#2864 = DIRECTION ( 'NONE',  ( 0.000000000000000000, 0.000000000000000000, 1.000000000000000000 ) ) ;
#2865 = LINE ( 'NONE', #225, #1898 ) ;
#2866 = LINE ( 'NONE', #531, #2082 ) ;
#2867 = CARTESIAN_POINT ( 'NONE',  ( -33.49999999999999289, 15.00000000000000000, -42.79999999999999005 ) ) ;
#2868 = LINE ( 'NONE', #533, #1158 ) ;
#2869 = FACE_OUTER_BOUND ( 'NONE', #759, .T. ) ;
#2870 = CARTESIAN_POINT ( 'NONE',  ( -14.12499999999999645, 15.00000000000000000, -42.79999999999999005 ) ) ;
#2871 = VERTEX_POINT ( 'NONE', #772 ) ;
#2872 = VERTEX_POINT ( 'NONE', #3291 ) ;
#2873 = ORIENTED_EDGE ( 'NONE', *, *, #2568, .F. ) ;
#2874 = CARTESIAN_POINT ( 'NONE',  ( -31.75000000000000000, 7.499999999999998224, 35.70000000000000284 ) ) ;
#2875 = DIRECTION ( 'NONE',  ( 0.000000000000000000, 1.000000000000000000, 0.000000000000000000 ) ) ;
#2876 = DIRECTION ( 'NONE',  ( 0.000000000000000000, 0.000000000000000000, 1.000000000000000000 ) ) ;
#2877 = EDGE_CURVE ( 'NONE', #1666, #318, #389, .T. ) ;
#2878 = ORIENTED_EDGE ( 'NONE', *, *, #2946, .T. ) ;
#2879 = FACE_OUTER_BOUND ( 'NONE', #421, .T. ) ;
#2880 = CARTESIAN_POINT ( 'NONE',  ( 17.62499999999999645, 15.00000000000000000, 32.90204669156096173 ) ) ;
#2881 = APPROVAL_STATUS ( 'not_yet_approved' ) ;
#2882 = EDGE_CURVE ( 'NONE', #2350, #2292, #1, .T. ) ;
#2883 = VECTOR ( 'NONE', #2281, 1000.000000000000000 ) ;
#2884 = CARTESIAN_POINT ( 'NONE',  ( -31.75000000000000000, 17.49999999999999645, 35.70000000000000284 ) ) ;
#2885 = FACE_OUTER_BOUND ( 'NONE', #1030, .T. ) ;
#2886 = FACE_OUTER_BOUND ( 'NONE', #43, .T. ) ;
#2887 = DIRECTION ( 'NONE',  ( 0.000000000000000000, 1.000000000000000000, 0.000000000000000000 ) ) ;
#2888 = EDGE_CURVE ( 'NONE', #179, #2962, #3024, .T. ) ;
#2889 = DIRECTION ( 'NONE',  ( -1.000000000000000000, 0.000000000000000000, 9.084700057485245466E-17 ) ) ;
#2890 = VERTEX_POINT ( 'NONE', #792 ) ;
#2891 = VECTOR ( 'NONE', #1665, 1000.000000000000000 ) ;
#2892 = ORIENTED_EDGE ( 'NONE', *, *, #2403, .F. ) ;
#2893 = AXIS2_PLACEMENT_3D ( 'NONE', #1931, #1897, #1083 ) ;
#2894 = ORIENTED_EDGE ( 'NONE', *, *, #640, .F. ) ;
#2895 = DIRECTION ( 'NONE',  ( 0.000000000000000000, 0.000000000000000000, 1.000000000000000000 ) ) ;
#2896 = PLANE ( 'NONE',  #1537 ) ;
#2897 = CARTESIAN_POINT ( 'NONE',  ( 30.00000000000000000, 15.00000000000000000, -37.08858824618395289 ) ) ;
#2898 = ORIENTED_EDGE ( 'NONE', *, *, #1292, .F. ) ;
#2899 = AXIS2_PLACEMENT_3D ( 'NONE', #2309, #793, #3338 ) ;
#2900 = DIRECTION ( 'NONE',  ( 0.000000000000000000, 0.000000000000000000, 1.000000000000000000 ) ) ;
#2901 = CARTESIAN_POINT ( 'NONE',  ( -27.77499999999999858, 17.49999999999999645, -34.06999999999998607 ) ) ;
#2902 = MECHANICAL_CONTEXT ( 'NONE', #2367, 'mechanical' ) ;
#2903 = AXIS2_PLACEMENT_3D ( 'NONE', #2271, #1993, #1760 ) ;
#2904 = EDGE_CURVE ( 'NONE', #149, #1978, #3305, .T. ) ;
#2905 = CARTESIAN_POINT ( 'NONE',  ( -27.77499999999999858, 17.49999999999999645, -30.31999999999998963 ) ) ;
#2906 = VECTOR ( 'NONE', #2133, 1000.000000000000000 ) ;
#2907 = CARTESIAN_POINT ( 'NONE',  ( -6.184999999999997833, 14.99999999999997158, -42.79999999999999005 ) ) ;
#2908 = ORIENTED_EDGE ( 'NONE', *, *, #2213, .F. ) ;
#2909 = CARTESIAN_POINT ( 'NONE',  ( 17.62499999999999645, 12.49999999999999645, -32.90204669156096173 ) ) ;
#2910 = EDGE_CURVE ( 'NONE', #2695, #1900, #1842, .T. ) ;
#2911 = AXIS2_PLACEMENT_3D ( 'NONE', #2390, #1289, #2329 ) ;
#2912 = LINE ( 'NONE', #2655, #69 ) ;
#2913 = EDGE_LOOP ( 'NONE', ( #2873, #639, #3287, #2272, #1619, #2194, #1356, #437 ) ) ;
#2914 = ORIENTED_EDGE ( 'NONE', *, *, #965, .F. ) ;
#2915 = LINE ( 'NONE', #815, #2553 ) ;
#2916 = CARTESIAN_POINT ( 'NONE',  ( 20.00000000000000000, 17.49999999999999645, -33.74999999999998579 ) ) ;
#2917 = FACE_OUTER_BOUND ( 'NONE', #1727, .T. ) ;
#2918 = VERTEX_POINT ( 'NONE', #1806 ) ;
#2919 = DIRECTION ( 'NONE',  ( 0.000000000000000000, 0.000000000000000000, 1.000000000000000000 ) ) ;
#2920 = PERSON_AND_ORGANIZATION ( #282, #482 ) ;
#2921 = VERTEX_POINT ( 'NONE', #1553 ) ;
#2922 = DIRECTION ( 'NONE',  ( 0.000000000000000000, 1.000000000000000000, 0.000000000000000000 ) ) ;
#2923 = FACE_BOUND ( 'NONE', #1528, .T. ) ;
#2924 = CARTESIAN_POINT ( 'NONE',  ( -17.62500000000000000, 15.00000000000000000, -42.79999999999999005 ) ) ;
#2925 = CARTESIAN_POINT ( 'NONE',  ( -22.06499999999999773, 15.00000000000000000, -42.79999999999999005 ) ) ;
#2926 = EDGE_CURVE ( 'NONE', #954, #1709, #1726, .T. ) ;
#2927 = ADVANCED_FACE ( 'NONE', ( #2869 ), #534, .T. ) ;
#2928 = CARTESIAN_POINT ( 'NONE',  ( -31.75000000000000000, 7.499999999999998224, 35.70000000000000284 ) ) ;
#2929 = ORIENTED_EDGE ( 'NONE', *, *, #2333, .F. ) ;
#2930 = EDGE_CURVE ( 'NONE', #281, #1409, #884, .T. ) ;
#2931 = VERTEX_POINT ( 'NONE', #2957 ) ;
#2932 = CARTESIAN_POINT ( 'NONE',  ( -6.184999999999997833, -70.67152385711368368, -42.79999999999999005 ) ) ;
#2933 = CARTESIAN_POINT ( 'NONE',  ( -30.00000000000000000, 17.49999999999999645, 39.01662479035540088 ) ) ;
#2934 = ORIENTED_EDGE ( 'NONE', *, *, #2046, .T. ) ;
#2935 = CARTESIAN_POINT ( 'NONE',  ( -22.06499999999999773, 15.00000000000000000, -0.000000000000000000 ) ) ;
#2936 = CIRCLE ( 'NONE', #702, 3.750000000000003553 ) ;
#2937 =( NAMED_UNIT ( * ) SI_UNIT ( $, .STERADIAN. ) SOLID_ANGLE_UNIT ( ) );
#2938 = ORIENTED_EDGE ( 'NONE', *, *, #2471, .F. ) ;
#2939 = PLANE ( 'NONE',  #2581 ) ;
#2940 = DIRECTION ( 'NONE',  ( 0.000000000000000000, 0.000000000000000000, 1.000000000000000000 ) ) ;
#2941 = CARTESIAN_POINT ( 'NONE',  ( 33.50000000000000711, 15.00000000000000000, 39.01662479035540088 ) ) ;
#2942 = CARTESIAN_POINT ( 'NONE',  ( 20.00000000000000000, 17.49999999999999645, 33.74999999999998579 ) ) ;
#2943 = CARTESIAN_POINT ( 'NONE',  ( 38.18999999999999062, 15.00000000000000000, 42.79999999999999716 ) ) ;
#2944 = EDGE_LOOP ( 'NONE', ( #1374, #222, #1771, #1213, #707, #3007, #1920, #1175 ) ) ;
#2945 = VERTEX_POINT ( 'NONE', #2116 ) ;
#2946 = EDGE_CURVE ( 'NONE', #1452, #1412, #1424, .T. ) ;
#2947 = DIRECTION ( 'NONE',  ( 0.000000000000000000, 0.000000000000000000, -1.000000000000000000 ) ) ;
#2948 = VECTOR ( 'NONE', #643, 1000.000000000000000 ) ;
#2949 = ORIENTED_EDGE ( 'NONE', *, *, #1012, .F. ) ;
#2950 = PLANE ( 'NONE',  #710 ) ;
#2951 = CIRCLE ( 'NONE', #394, 3.750000000000000000 ) ;
#2952 =( LENGTH_UNIT ( ) NAMED_UNIT ( * ) SI_UNIT ( .MILLI., .METRE. ) );
#2953 = AXIS2_PLACEMENT_3D ( 'NONE', #1422, #355, #1392 ) ;
#2954 = VERTEX_POINT ( 'NONE', #1626 ) ;
#2955 = FACE_OUTER_BOUND ( 'NONE', #2791, .T. ) ;
#2956 = CARTESIAN_POINT ( 'NONE',  ( -20.00000000000000000, 12.49999999999999645, -29.99999999999998934 ) ) ;
#2957 = CARTESIAN_POINT ( 'NONE',  ( 6.184999999999996056, 17.49999999999999645, 42.80000000000000426 ) ) ;
#2958 = AXIS2_PLACEMENT_3D ( 'NONE', #645, #1676, #2718 ) ;
#2959 = ORIENTED_EDGE ( 'NONE', *, *, #1834, .F. ) ;
#2960 = AXIS2_PLACEMENT_3D ( 'NONE', #1019, #3057, #748 ) ;
#2961 = FACE_OUTER_BOUND ( 'NONE', #3111, .T. ) ;
#2962 = VERTEX_POINT ( 'NONE', #2925 ) ;
#2963 = CIRCLE ( 'NONE', #2582, 3.750000000000003553 ) ;
#2964 = ORIENTED_EDGE ( 'NONE', *, *, #2105, .F. ) ;
#2965 = LINE ( 'NONE', #3243, #2511 ) ;
#2966 = EDGE_CURVE ( 'NONE', #2557, #3029, #2654, .T. ) ;
#2967 = VERTEX_POINT ( 'NONE', #3153 ) ;
#2968 = EDGE_CURVE ( 'NONE', #3355, #503, #2972, .T. ) ;
#2969 = FACE_OUTER_BOUND ( 'NONE', #619, .T. ) ;
#2970 = DIRECTION ( 'NONE',  ( 0.000000000000000000, 0.000000000000000000, 1.000000000000000000 ) ) ;
#2971 = DIRECTION ( 'NONE',  ( 0.000000000000000000, 1.000000000000000000, -0.000000000000000000 ) ) ;
#2972 = LINE ( 'NONE', #3221, #2948 ) ;
#2973 = ORIENTED_EDGE ( 'NONE', *, *, #1457, .F. ) ;
#2974 = FACE_OUTER_BOUND ( 'NONE', #2293, .T. ) ;
#2975 = ORIENTED_EDGE ( 'NONE', *, *, #1442, .F. ) ;
#2976 = LINE ( 'NONE', #162, #387 ) ;
#2977 = ORIENTED_EDGE ( 'NONE', *, *, #273, .T. ) ;
#2978 = LINE ( 'NONE', #1383, #1950 ) ;
#2979 = EDGE_CURVE ( 'NONE', #1464, #3353, #1609, .T. ) ;
#2980 = ADVANCED_FACE ( 'NONE', ( #2701 ), #630, .T. ) ;
#2981 = EDGE_LOOP ( 'NONE', ( #1622, #487, #693, #1159, #691, #1419, #1575, #248 ) ) ;
#2982 = VECTOR ( 'NONE', #2149, 1000.000000000000000 ) ;
#2983 = DIRECTION ( 'NONE',  ( 1.000000000000000000, 0.000000000000000000, 0.000000000000000000 ) ) ;
#2984 = DIRECTION ( 'NONE',  ( 0.000000000000000000, 0.000000000000000000, 1.000000000000000000 ) ) ;
#2985 = CARTESIAN_POINT ( 'NONE',  ( -9.684999999999998721, 17.49999999999999645, 42.80000000000000426 ) ) ;
#2986 = EDGE_CURVE ( 'NONE', #366, #119, #2998, .T. ) ;
#2987 = ORIENTED_EDGE ( 'NONE', *, *, #3101, .T. ) ;
#2988 = LINE ( 'NONE', #2174, #774 ) ;
#2989 = ORIENTED_EDGE ( 'NONE', *, *, #2804, .T. ) ;
#2990 = EDGE_CURVE ( 'NONE', #1978, #362, #830, .T. ) ;
#2991 = VECTOR ( 'NONE', #2709, 1000.000000000000000 ) ;
#2992 = DIRECTION ( 'NONE',  ( 0.000000000000000000, -0.000000000000000000, 1.000000000000000000 ) ) ;
#2993 = ORIENTED_EDGE ( 'NONE', *, *, #1136, .F. ) ;
#2994 = FACE_OUTER_BOUND ( 'NONE', #2822, .T. ) ;
#2995 = DIRECTION ( 'NONE',  ( -0.000000000000000000, -1.000000000000000000, -0.000000000000000000 ) ) ;
#2996 = APPROVAL_STATUS ( 'not_yet_approved' ) ;
#2997 = VERTEX_POINT ( 'NONE', #3173 ) ;
#2998 = CIRCLE ( 'NONE', #2893, 3.750000000000003553 ) ;
#2999 = DIRECTION ( 'NONE',  ( 0.000000000000000000, 0.000000000000000000, 1.000000000000000000 ) ) ;
#3000 = DIRECTION ( 'NONE',  ( -0.000000000000000000, 1.000000000000000000, -0.000000000000000000 ) ) ;
#3001 = LINE ( 'NONE', #2748, #2458 ) ;
#3002 = ORIENTED_EDGE ( 'NONE', *, *, #445, .F. ) ;
#3003 = AXIS2_PLACEMENT_3D ( 'NONE', #1485, #2814, #205 ) ;
#3004 = EDGE_CURVE ( 'NONE', #2462, #1999, #316, .T. ) ;
#3005 = AXIS2_PLACEMENT_3D ( 'NONE', #2532, #173, #975 ) ;
#3006 = LINE ( 'NONE', #2031, #1751 ) ;
#3007 = ORIENTED_EDGE ( 'NONE', *, *, #2232, .T. ) ;
#3008 = EDGE_CURVE ( 'NONE', #1412, #1452, #278, .T. ) ;
#3009 = CIRCLE ( 'NONE', #3053, 2.249999999999998668 ) ;
#3010 = CARTESIAN_POINT ( 'NONE',  ( -17.62500000000000000, 15.00000000000000000, 32.90204669156096884 ) ) ;
#3011 = AXIS2_PLACEMENT_3D ( 'NONE', #1780, #2840, #1480 ) ;
#3012 = AXIS2_PLACEMENT_3D ( 'NONE', #2234, #1132, #2999 ) ;
#3013 = EDGE_LOOP ( 'NONE', ( #2619, #2476, #1052, #2049 ) ) ;
#3014 = LINE ( 'NONE', #3326, #980 ) ;
#3015 = DIRECTION ( 'NONE',  ( 0.000000000000000000, -0.000000000000000000, 1.000000000000000000 ) ) ;
#3016 = VERTEX_POINT ( 'NONE', #2942 ) ;
#3017 = LINE ( 'NONE', #2187, #239 ) ;
#3018 = DIRECTION ( 'NONE',  ( 0.000000000000000000, 1.000000000000000000, -0.000000000000000000 ) ) ;
#3019 = DIRECTION ( 'NONE',  ( 0.000000000000000000, 1.000000000000000000, 0.000000000000000000 ) ) ;
#3020 = ORIENTED_EDGE ( 'NONE', *, *, #2515, .T. ) ;
#3021 = DIRECTION ( 'NONE',  ( 0.000000000000000000, 1.000000000000000000, -0.000000000000000000 ) ) ;
#3022 = VERTEX_POINT ( 'NONE', #1862 ) ;
#3023 = EDGE_CURVE ( 'NONE', #3122, #3355, #2395, .T. ) ;
#3024 = LINE ( 'NONE', #2338, #1695 ) ;
#3025 = ORIENTED_EDGE ( 'NONE', *, *, #443, .F. ) ;
#3026 = ORIENTED_EDGE ( 'NONE', *, *, #2405, .T. ) ;
#3027 = DIRECTION ( 'NONE',  ( -0.000000000000000000, 1.000000000000000000, -0.000000000000000000 ) ) ;
#3028 = CYLINDRICAL_SURFACE ( 'NONE', #2634, 3.750000000000000000 ) ;
#3029 = VERTEX_POINT ( 'NONE', #596 ) ;
#3030 = DIRECTION ( 'NONE',  ( 0.000000000000000000, 0.000000000000000000, 1.000000000000000000 ) ) ;
#3031 = CARTESIAN_POINT ( 'NONE',  ( 0.000000000000000000, 17.49999999999999645, 0.000000000000000000 ) ) ;
#3032 = FACE_OUTER_BOUND ( 'NONE', #2944, .T. ) ;
#3033 = EDGE_LOOP ( 'NONE', ( #1716, #3322, #1603, #2420 ) ) ;
#3034 = CYLINDRICAL_SURFACE ( 'NONE', #621, 2.249999999999998668 ) ;
#3035 = ORIENTED_EDGE ( 'NONE', *, *, #3272, .T. ) ;
#3036 = DIRECTION ( 'NONE',  ( 0.000000000000000000, 1.000000000000000000, -0.000000000000000000 ) ) ;
#3037 = ORIENTED_EDGE ( 'NONE', *, *, #1339, .F. ) ;
#3038 = VECTOR ( 'NONE', #2678, 1000.000000000000000 ) ;
#3039 = VERTEX_POINT ( 'NONE', #868 ) ;
#3040 = ADVANCED_FACE ( 'NONE', ( #610 ), #1643, .F. ) ;
#3041 = CARTESIAN_POINT ( 'NONE',  ( -20.00000000000000000, 12.49999999999999645, -27.74999999999998934 ) ) ;
#3042 = DIRECTION ( 'NONE',  ( 0.000000000000000000, 0.000000000000000000, 1.000000000000000000 ) ) ;
#3043 = EDGE_LOOP ( 'NONE', ( #240, #2045, #434, #467, #3155 ) ) ;
#3044 = CARTESIAN_POINT ( 'NONE',  ( 25.56499999999999773, 15.00000000000000000, 42.79999999999999716 ) ) ;
#3045 = CARTESIAN_POINT ( 'NONE',  ( -33.49999999999999289, 17.49999999999999645, 42.80000000000000426 ) ) ;
#3046 = LINE ( 'NONE', #3286, #2127 ) ;
#3047 = VERTEX_POINT ( 'NONE', #854 ) ;
#3048 = VECTOR ( 'NONE', #690, 1000.000000000000000 ) ;
#3049 = LINE ( 'NONE', #2516, #1534 ) ;
#3050 = ORIENTED_EDGE ( 'NONE', *, *, #3251, .F. ) ;
#3051 = AXIS2_PLACEMENT_3D ( 'NONE', #1554, #317, #1826 ) ;
#3052 = VERTEX_POINT ( 'NONE', #1883 ) ;
#3053 = AXIS2_PLACEMENT_3D ( 'NONE', #1025, #2056, #2615 ) ;
#3054 = ORIENTED_EDGE ( 'NONE', *, *, #3101, .F. ) ;
#3055 = AXIS2_PLACEMENT_3D ( 'NONE', #806, #1368, #2077 ) ;
#3056 = CARTESIAN_POINT ( 'NONE',  ( 22.06500000000000483, 12.49999999999999645, -33.13021964085587712 ) ) ;
#3057 = DIRECTION ( 'NONE',  ( 0.000000000000000000, 1.000000000000000000, 0.000000000000000000 ) ) ;
#3058 = ADVANCED_FACE ( 'NONE', ( #1389 ), #2414, .F. ) ;
#3059 = VECTOR ( 'NONE', #2430, 1000.000000000000000 ) ;
#3060 = ORIENTED_EDGE ( 'NONE', *, *, #150, .F. ) ;
#3061 = EDGE_CURVE ( 'NONE', #1284, #2290, #2169, .T. ) ;
#3062 = CARTESIAN_POINT ( 'NONE',  ( 30.00000000000000000, 17.49999999999999645, 0.000000000000000000 ) ) ;
#3063 = LINE ( 'NONE', #479, #2680 ) ;
#3064 = CARTESIAN_POINT ( 'NONE',  ( 6.184999999999996056, 15.00000000000000000, 42.80000000000000426 ) ) ;
#3065 = VERTEX_POINT ( 'NONE', #1403 ) ;
#3066 = EDGE_CURVE ( 'NONE', #2418, #2758, #2186, .T. ) ;
#3067 = LINE ( 'NONE', #1724, #568 ) ;
#3068 = ORIENTED_EDGE ( 'NONE', *, *, #2817, .F. ) ;
#3069 = ORIENTED_EDGE ( 'NONE', *, *, #2130, .T. ) ;
#3070 = VERTEX_POINT ( 'NONE', #2985 ) ;
#3071 = DIRECTION ( 'NONE',  ( 0.000000000000000000, 0.000000000000000000, -1.000000000000000000 ) ) ;
#3072 = DIRECTION ( 'NONE',  ( -1.000000000000000000, 0.000000000000000000, 0.000000000000000000 ) ) ;
#3073 = ORIENTED_EDGE ( 'NONE', *, *, #2807, .F. ) ;
#3074 = CARTESIAN_POINT ( 'NONE',  ( 33.50000000000000711, 7.499999999999998224, 32.38337520964460481 ) ) ;
#3075 = PLANE ( 'NONE',  #2351 ) ;
#3076 = CARTESIAN_POINT ( 'NONE',  ( 22.06500000000000483, 17.49999999999999645, 0.000000000000000000 ) ) ;
#3077 = ORIENTED_EDGE ( 'NONE', *, *, #3129, .F. ) ;
#3078 = CC_DESIGN_DATE_AND_TIME_ASSIGNMENT ( #2456, #2231, ( #2765 ) ) ;
#3079 = EDGE_CURVE ( 'NONE', #1412, #2233, #2222, .T. ) ;
#3080 = CARTESIAN_POINT ( 'NONE',  ( 17.62499999999999645, 17.49999999999999645, 27.09795330843901695 ) ) ;
#3081 = ORIENTED_EDGE ( 'NONE', *, *, #1767, .F. ) ;
#3082 = APPROVAL_PERSON_ORGANIZATION ( #2650, #1923, #2129 ) ;
#3083 = VECTOR ( 'NONE', #2354, 1000.000000000000000 ) ;
#3084 = ADVANCED_FACE ( 'NONE', ( #1756, #1943 ), #2208, .T. ) ;
#3085 = DIRECTION ( 'NONE',  ( 0.000000000000000000, 0.000000000000000000, 1.000000000000000000 ) ) ;
#3086 = VERTEX_POINT ( 'NONE', #143 ) ;
#3087 = ORIENTED_EDGE ( 'NONE', *, *, #2568, .T. ) ;
#3088 = DIRECTION ( 'NONE',  ( 0.000000000000000000, 1.000000000000000000, -0.000000000000000000 ) ) ;
#3089 = DIRECTION ( 'NONE',  ( 0.000000000000000000, 1.000000000000000000, -0.000000000000000000 ) ) ;
#3090 = VERTEX_POINT ( 'NONE', #1486 ) ;
#3091 = AXIS2_PLACEMENT_3D ( 'NONE', #3163, #803, #70 ) ;
#3092 = DIRECTION ( 'NONE',  ( 1.013273058397667904E-17, -0.000000000000000000, 1.000000000000000000 ) ) ;
#3093 = DIRECTION ( 'NONE',  ( 0.000000000000000000, -0.000000000000000000, 1.000000000000000000 ) ) ;
#3094 = LINE ( 'NONE', #768, #1353 ) ;
#3095 = CIRCLE ( 'NONE', #164, 2.249999999999998668 ) ;
#3096 = CARTESIAN_POINT ( 'NONE',  ( -30.00000000000000000, 17.49999999999999645, 0.000000000000000000 ) ) ;
#3097 = CARTESIAN_POINT ( 'NONE',  ( -22.06499999999999773, 12.49999999999999645, -26.86978035914409091 ) ) ;
#3098 = LINE ( 'NONE', #299, #2012 ) ;
#3099 = VECTOR ( 'NONE', #277, 1000.000000000000000 ) ;
#3100 = ADVANCED_FACE ( 'NONE', ( #1708 ), #2513, .F. ) ;
#3101 = EDGE_CURVE ( 'NONE', #2735, #149, #2254, .T. ) ;
#3102 = DIRECTION ( 'NONE',  ( 0.000000000000000000, 0.000000000000000000, -1.000000000000000000 ) ) ;
#3103 = ORIENTED_EDGE ( 'NONE', *, *, #656, .F. ) ;
#3104 = ORIENTED_EDGE ( 'NONE', *, *, #1867, .F. ) ;
#3105 = VECTOR ( 'NONE', #3148, 1000.000000000000000 ) ;
#3106 = ORIENTED_EDGE ( 'NONE', *, *, #1634, .T. ) ;
#3107 = LINE ( 'NONE', #1558, #654 ) ;
#3108 = CARTESIAN_POINT ( 'NONE',  ( -20.00000000000000000, 0.000000000000000000, -27.74999999999998934 ) ) ;
#3109 = AXIS2_PLACEMENT_3D ( 'NONE', #2586, #2599, #3085 ) ;
#3110 = EDGE_CURVE ( 'NONE', #362, #2202, #2269, .T. ) ;
#3111 = EDGE_LOOP ( 'NONE', ( #3177, #2311, #2725, #849, #2576, #2288, #2099, #2071 ) ) ;
#3112 = PLANE ( 'NONE',  #406 ) ;
#3113 = CARTESIAN_POINT ( 'NONE',  ( 30.00000000000000000, 15.00000000000000000, 0.000000000000000000 ) ) ;
#3114 = CARTESIAN_POINT ( 'NONE',  ( -30.00000000000000000, 17.49999999999999645, 0.000000000000000000 ) ) ;
#3115 = VECTOR ( 'NONE', #957, 1000.000000000000000 ) ;
#3116 = CARTESIAN_POINT ( 'NONE',  ( 14.12500000000000355, 17.49999999999999645, 0.000000000000000000 ) ) ;
#3117 = DIRECTION ( 'NONE',  ( -0.000000000000000000, 1.000000000000000000, -0.000000000000000000 ) ) ;
#3118 = FACE_OUTER_BOUND ( 'NONE', #1746, .T. ) ;
#3119 = DIRECTION ( 'NONE',  ( -0.000000000000000000, -1.000000000000000000, -0.000000000000000000 ) ) ;
#3120 = DIRECTION ( 'NONE',  ( 0.000000000000000000, 0.000000000000000000, 1.000000000000000000 ) ) ;
#3121 = VERTEX_POINT ( 'NONE', #2729 ) ;
#3122 = VERTEX_POINT ( 'NONE', #399 ) ;
#3123 = EDGE_CURVE ( 'NONE', #1491, #3355, #3300, .T. ) ;
#3124 = VERTEX_POINT ( 'NONE', #675 ) ;
#3125 = PLANE ( 'NONE',  #1947 ) ;
#3126 = CARTESIAN_POINT ( 'NONE',  ( 20.00000000000000000, 15.00000000000000000, 29.99999999999998934 ) ) ;
#3127 = LINE ( 'NONE', #85, #3211 ) ;
#3128 = ORIENTED_EDGE ( 'NONE', *, *, #1995, .F. ) ;
#3129 = EDGE_CURVE ( 'NONE', #592, #2918, #927, .T. ) ;
#3130 = DIRECTION ( 'NONE',  ( 0.000000000000000000, 0.000000000000000000, 1.000000000000000000 ) ) ;
#3131 = CARTESIAN_POINT ( 'NONE',  ( 0.000000000000000000, 17.49999999999999645, 0.000000000000000000 ) ) ;
#3132 = PLANE ( 'NONE',  #973 ) ;
#3133 = DIRECTION ( 'NONE',  ( 0.000000000000000000, 0.000000000000000000, -1.000000000000000000 ) ) ;
#3134 = CARTESIAN_POINT ( 'NONE',  ( 0.000000000000000000, 17.49999999999999645, 0.000000000000000000 ) ) ;
#3135 = ORIENTED_EDGE ( 'NONE', *, *, #134, .F. ) ;
#3136 = DIRECTION ( 'NONE',  ( 0.000000000000000000, 0.000000000000000000, 1.000000000000000000 ) ) ;
#3137 = DIRECTION ( 'NONE',  ( 0.000000000000000000, -1.000000000000000000, 0.000000000000000000 ) ) ;
#3138 = ORIENTED_EDGE ( 'NONE', *, *, #308, .F. ) ;
#3139 = ORIENTED_EDGE ( 'NONE', *, *, #1614, .T. ) ;
#3140 = VERTEX_POINT ( 'NONE', #2782 ) ;
#3141 = DIRECTION ( 'NONE',  ( -1.000000000000000000, 0.000000000000000000, 0.000000000000000000 ) ) ;
#3142 = CARTESIAN_POINT ( 'NONE',  ( 22.06500000000000483, 15.00000000000000000, 0.000000000000000000 ) ) ;
#3143 = CARTESIAN_POINT ( 'NONE',  ( 27.77499999999999858, 7.499999999999998224, -30.31999999999998963 ) ) ;
#3144 = EDGE_CURVE ( 'NONE', #1251, #1135, #558, .T. ) ;
#3145 = EDGE_LOOP ( 'NONE', ( #677, #2878 ) ) ;
#3146 = EDGE_CURVE ( 'NONE', #636, #2997, #3001, .T. ) ;
#3147 = DIRECTION ( 'NONE',  ( 0.000000000000000000, 0.000000000000000000, 1.000000000000000000 ) ) ;
#3148 = DIRECTION ( 'NONE',  ( 1.000000000000000000, 0.000000000000000000, -9.084700057485245466E-17 ) ) ;
#3149 = PERSON_AND_ORGANIZATION ( #282, #482 ) ;
#3150 = DIRECTION ( 'NONE',  ( -1.000000000000000000, 0.000000000000000000, 0.000000000000000000 ) ) ;
#3151 = DIRECTION ( 'NONE',  ( 0.000000000000000000, 0.000000000000000000, 1.000000000000000000 ) ) ;
#3152 = LINE ( 'NONE', #2636, #1858 ) ;
#3153 = CARTESIAN_POINT ( 'NONE',  ( 25.56499999999999773, 15.00000000000000000, -37.09958743065783437 ) ) ;
#3154 = CARTESIAN_POINT ( 'NONE',  ( 30.00000000000000000, 17.49999999999999645, 0.000000000000000000 ) ) ;
#3155 = ORIENTED_EDGE ( 'NONE', *, *, #2752, .F. ) ;
#3156 = CIRCLE ( 'NONE', #118, 2.249999999999998668 ) ;
#3157 = ORIENTED_EDGE ( 'NONE', *, *, #1639, .F. ) ;
#3158 = CARTESIAN_POINT ( 'NONE',  ( -31.75000000000000000, 17.49999999999999645, 35.70000000000000284 ) ) ;
#3159 = DIRECTION ( 'NONE',  ( 0.000000000000000000, 0.000000000000000000, -1.000000000000000000 ) ) ;
#3160 = LINE ( 'NONE', #1618, #334 ) ;
#3161 = ORIENTED_EDGE ( 'NONE', *, *, #661, .T. ) ;
#3162 = VECTOR ( 'NONE', #3102, 1000.000000000000000 ) ;
#3163 = CARTESIAN_POINT ( 'NONE',  ( 30.00000000000000000, 17.49999999999999645, 0.000000000000000000 ) ) ;
#3164 = DIRECTION ( 'NONE',  ( 0.000000000000000000, 0.000000000000000000, 1.000000000000000000 ) ) ;
#3165 = CALENDAR_DATE ( 2025, 31, 5 ) ;
#3166 = EDGE_CURVE ( 'NONE', #941, #2202, #1451, .T. ) ;
#3167 = VECTOR ( 'NONE', #2536, 1000.000000000000000 ) ;
#3168 = EDGE_CURVE ( 'NONE', #1154, #1557, #3046, .T. ) ;
#3169 = DIRECTION ( 'NONE',  ( 1.000000000000000000, 0.000000000000000000, -9.084700057485245466E-17 ) ) ;
#3170 = AXIS2_PLACEMENT_3D ( 'NONE', #1195, #2230, #1462 ) ;
#3171 = LINE ( 'NONE', #2217, #3276 ) ;
#3172 = LINE ( 'NONE', #1824, #121 ) ;
#3173 = CARTESIAN_POINT ( 'NONE',  ( 22.06500000000000483, 15.00000000000000000, 33.13021964085587712 ) ) ;
#3174 = ADVANCED_FACE ( 'NONE', ( #2493 ), #157, .F. ) ;
#3175 = AXIS2_PLACEMENT_3D ( 'NONE', #2352, #1583, #2900 ) ;
#3176 = CARTESIAN_POINT ( 'NONE',  ( -20.00000000000000000, 15.00000000000000000, 29.99999999999998934 ) ) ;
#3177 = ORIENTED_EDGE ( 'NONE', *, *, #3168, .F. ) ;
#3178 = ADVANCED_FACE ( 'NONE', ( #3269 ), #944, .T. ) ;
#3179 = ORIENTED_EDGE ( 'NONE', *, *, #134, .T. ) ;
#3180 = DIRECTION ( 'NONE',  ( 0.000000000000000000, 1.000000000000000000, 0.000000000000000000 ) ) ;
#3181 = CARTESIAN_POINT ( 'NONE',  ( 33.50000000000000711, 7.499999999999998224, 39.01662479035540088 ) ) ;
#3182 = DIRECTION ( 'NONE',  ( 0.000000000000000000, 1.000000000000000000, 0.000000000000000000 ) ) ;
#3183 = EDGE_LOOP ( 'NONE', ( #1441, #3207, #1704, #646, #3077, #1253, #520, #129 ) ) ;
#3184 = DIRECTION ( 'NONE',  ( 0.000000000000000000, 0.000000000000000000, -1.000000000000000000 ) ) ;
#3185 = DIRECTION ( 'NONE',  ( -0.000000000000000000, 1.000000000000000000, -0.000000000000000000 ) ) ;
#3186 = ORIENTED_EDGE ( 'NONE', *, *, #1405, .F. ) ;
#3187 = DIRECTION ( 'NONE',  ( 0.000000000000000000, 0.000000000000000000, -1.000000000000000000 ) ) ;
#3188 = DIRECTION ( 'NONE',  ( 0.000000000000000000, 1.000000000000000000, 0.000000000000000000 ) ) ;
#3189 = FACE_OUTER_BOUND ( 'NONE', #2482, .T. ) ;
#3190 = DIRECTION ( 'NONE',  ( 0.000000000000000000, 0.000000000000000000, 1.000000000000000000 ) ) ;
#3191 = CARTESIAN_POINT ( 'NONE',  ( -17.62500000000000000, 15.00000000000000000, 27.09795330843900985 ) ) ;
#3192 = ORIENTED_EDGE ( 'NONE', *, *, #194, .T. ) ;
#3193 = ADVANCED_FACE ( 'NONE', ( #431 ), #1468, .F. ) ;
#3194 = ORIENTED_EDGE ( 'NONE', *, *, #27, .T. ) ;
#3195 = PLANE ( 'NONE',  #3055 ) ;
#3196 = CARTESIAN_POINT ( 'NONE',  ( 31.75000000000000000, 7.499999999999998224, 31.94999999999999929 ) ) ;
#3197 = ORIENTED_EDGE ( 'NONE', *, *, #175, .T. ) ;
#3198 = LINE ( 'NONE', #637, #818 ) ;
#3199 = ORIENTED_EDGE ( 'NONE', *, *, #2294, .F. ) ;
#3200 = DIRECTION ( 'NONE',  ( 0.000000000000000000, 0.000000000000000000, 1.000000000000000000 ) ) ;
#3201 = DIRECTION ( 'NONE',  ( 0.000000000000000000, 0.000000000000000000, 1.000000000000000000 ) ) ;
#3202 = CARTESIAN_POINT ( 'NONE',  ( -17.62500000000000000, 12.49999999999999645, -27.09795330843900985 ) ) ;
#3203 = AXIS2_PLACEMENT_3D ( 'NONE', #1365, #253, #2919 ) ;
#3204 = ORIENTED_EDGE ( 'NONE', *, *, #2298, .T. ) ;
#3205 = CIRCLE ( 'NONE', #1024, 3.750000000000000000 ) ;
#3206 = CARTESIAN_POINT ( 'NONE',  ( 38.18999999999999773, 17.49999999999999645, 3.095751848016554726E-15 ) ) ;
#3207 = ORIENTED_EDGE ( 'NONE', *, *, #575, .F. ) ;
#3208 = ADVANCED_FACE ( 'NONE', ( #3032 ), #706, .F. ) ;
#3209 = ADVANCED_FACE ( 'NONE', ( #2319 ), #1291, .F. ) ;
#3210 = VERTEX_POINT ( 'NONE', #2561 ) ;
#3211 = VECTOR ( 'NONE', #1361, 1000.000000000000000 ) ;
#3212 = CARTESIAN_POINT ( 'NONE',  ( -27.77499999999999858, 7.499999999999998224, -34.06999999999998607 ) ) ;
#3213 = VECTOR ( 'NONE', #967, 1000.000000000000000 ) ;
#3214 = ORIENTED_EDGE ( 'NONE', *, *, #2447, .F. ) ;
#3215 = LINE ( 'NONE', #138, #3038 ) ;
#3216 = DATE_AND_TIME ( #573, #1407 ) ;
#3217 = CIRCLE ( 'NONE', #284, 3.750000000000000000 ) ;
#3218 = VERTEX_POINT ( 'NONE', #3064 ) ;
#3219 = LINE ( 'NONE', #397, #2797 ) ;
#3220 = CARTESIAN_POINT ( 'NONE',  ( 14.12500000000000178, 15.00000000000000000, 42.79999999999999716 ) ) ;
#3221 = CARTESIAN_POINT ( 'NONE',  ( -22.06499999999999773, 15.00000000000000000, -0.000000000000000000 ) ) ;
#3222 = AXIS2_PLACEMENT_3D ( 'NONE', #2009, #2805, #1504 ) ;
#3223 = EDGE_LOOP ( 'NONE', ( #3025, #1918, #368, #492, #2489 ) ) ;
#3224 = VECTOR ( 'NONE', #523, 1000.000000000000000 ) ;
#3225 = DIRECTION ( 'NONE',  ( 0.000000000000000000, 1.000000000000000000, 0.000000000000000000 ) ) ;
#3226 = ORIENTED_EDGE ( 'NONE', *, *, #2752, .T. ) ;
#3227 = VECTOR ( 'NONE', #464, 1000.000000000000000 ) ;
#3228 = VERTEX_POINT ( 'NONE', #1280 ) ;
#3229 = EDGE_CURVE ( 'NONE', #1740, #3121, #2388, .T. ) ;
#3230 = DIRECTION ( 'NONE',  ( -0.000000000000000000, 1.000000000000000000, -0.000000000000000000 ) ) ;
#3231 = EDGE_CURVE ( 'NONE', #2251, #2263, #3094, .T. ) ;
#3232 = ORIENTED_EDGE ( 'NONE', *, *, #682, .T. ) ;
#3233 = EDGE_CURVE ( 'NONE', #24, #1070, #2865, .T. ) ;
#3234 = PLANE ( 'NONE',  #2769 ) ;
#3235 = VERTEX_POINT ( 'NONE', #1801 ) ;
#3236 = ADVANCED_FACE ( 'NONE', ( #272 ), #3132, .F. ) ;
#3237 = DIRECTION ( 'NONE',  ( 0.000000000000000000, 1.000000000000000000, 0.000000000000000000 ) ) ;
#3238 = LINE ( 'NONE', #3332, #66 ) ;
#3239 = CARTESIAN_POINT ( 'NONE',  ( 17.62499999999999645, 17.49999999999999645, 0.000000000000000000 ) ) ;
#3240 = ORIENTED_EDGE ( 'NONE', *, *, #2256, .F. ) ;
#3241 = CARTESIAN_POINT ( 'NONE',  ( -17.62500000000000000, 17.49999999999999645, -42.79999999999999005 ) ) ;
#3242 = EDGE_LOOP ( 'NONE', ( #684, #1396, #2028, #2227, #2819 ) ) ;
#3243 = CARTESIAN_POINT ( 'NONE',  ( -17.62500000000000000, 17.49999999999999645, 0.000000000000000000 ) ) ;
#3244 = VERTEX_POINT ( 'NONE', #1040 ) ;
#3245 = DIRECTION ( 'NONE',  ( 0.000000000000000000, 0.000000000000000000, -1.000000000000000000 ) ) ;
#3246 = DIRECTION ( 'NONE',  ( -1.000000000000000000, 0.000000000000000000, -9.084700057485244233E-17 ) ) ;
#3247 = EDGE_CURVE ( 'NONE', #2755, #1458, #1264, .T. ) ;
#3248 = MANIFOLD_SOLID_BREP ( '切除-拉伸5', #2518 ) ;
#3249 = ORIENTED_EDGE ( 'NONE', *, *, #1867, .T. ) ;
#3250 = VECTOR ( 'NONE', #495, 1000.000000000000000 ) ;
#3251 = EDGE_CURVE ( 'NONE', #1498, #1439, #1770, .T. ) ;
#3252 = DIRECTION ( 'NONE',  ( 0.000000000000000000, 0.000000000000000000, 1.000000000000000000 ) ) ;
#3253 = CARTESIAN_POINT ( 'NONE',  ( -17.62500000000000000, 15.00000000000000000, -32.90204669156096884 ) ) ;
#3254 = DIRECTION ( 'NONE',  ( -0.000000000000000000, 1.000000000000000000, -0.000000000000000000 ) ) ;
#3255 = ORIENTED_EDGE ( 'NONE', *, *, #1789, .F. ) ;
#3256 = LINE ( 'NONE', #1203, #778 ) ;
#3257 = ORIENTED_EDGE ( 'NONE', *, *, #2273, .T. ) ;
#3258 = AXIS2_PLACEMENT_3D ( 'NONE', #543, #63, #2400 ) ;
#3259 = VECTOR ( 'NONE', #1003, 1000.000000000000000 ) ;
#3260 = FACE_BOUND ( 'NONE', #1774, .T. ) ;
#3261 = ORIENTED_EDGE ( 'NONE', *, *, #2930, .T. ) ;
#3262 = DIRECTION ( 'NONE',  ( -0.000000000000000000, -1.000000000000000000, -0.000000000000000000 ) ) ;
#3263 = CARTESIAN_POINT ( 'NONE',  ( 27.77499999999999858, 7.499999999999998224, -30.31999999999998963 ) ) ;
#3264 = VERTEX_POINT ( 'NONE', #206 ) ;
#3265 = VECTOR ( 'NONE', #174, 1000.000000000000000 ) ;
#3266 = EDGE_CURVE ( 'NONE', #1452, #459, #514, .T. ) ;
#3267 = DIRECTION ( 'NONE',  ( 0.000000000000000000, 0.000000000000000000, -1.000000000000000000 ) ) ;
#3268 = CARTESIAN_POINT ( 'NONE',  ( 0.000000000000000000, 17.49999999999999645, 0.000000000000000000 ) ) ;
#3269 = FACE_OUTER_BOUND ( 'NONE', #526, .T. ) ;
#3270 = ORIENTED_EDGE ( 'NONE', *, *, #384, .T. ) ;
#3271 = AXIS2_PLACEMENT_3D ( 'NONE', #142, #1150, #1687 ) ;
#3272 = EDGE_CURVE ( 'NONE', #636, #1937, #2847, .T. ) ;
#3273 = CIRCLE ( 'NONE', #892, 2.249999999999998668 ) ;
#3274 = DIRECTION ( 'NONE',  ( 0.000000000000000000, 0.000000000000000000, 1.000000000000000000 ) ) ;
#3275 = ORIENTED_EDGE ( 'NONE', *, *, #575, .T. ) ;
#3276 = VECTOR ( 'NONE', #1350, 1000.000000000000000 ) ;
#3277 = CARTESIAN_POINT ( 'NONE',  ( 20.00000000000000000, 15.00000000000000000, 29.99999999999998934 ) ) ;
#3278 = AXIS2_PLACEMENT_3D ( 'NONE', #593, #3365, #2113 ) ;
#3279 = VERTEX_POINT ( 'NONE', #2303 ) ;
#3280 = ORIENTED_EDGE ( 'NONE', *, *, #1405, .T. ) ;
#3281 = LINE ( 'NONE', #970, #3307 ) ;
#3282 = CARTESIAN_POINT ( 'NONE',  ( 3.888251624603685478E-15, 17.49999999999999645, 42.80000000000000426 ) ) ;
#3283 = ORIENTED_EDGE ( 'NONE', *, *, #3168, .T. ) ;
#3284 = CARTESIAN_POINT ( 'NONE',  ( -20.00000000000000000, 0.000000000000000000, 27.75000000000001066 ) ) ;
#3285 = DIRECTION ( 'NONE',  ( 0.000000000000000000, 0.000000000000000000, -1.000000000000000000 ) ) ;
#3286 = CARTESIAN_POINT ( 'NONE',  ( -31.75000000000000000, 7.499999999999998224, 31.94999999999999929 ) ) ;
#3287 = ORIENTED_EDGE ( 'NONE', *, *, #584, .T. ) ;
#3288 = FACE_OUTER_BOUND ( 'NONE', #104, .T. ) ;
#3289 = EDGE_LOOP ( 'NONE', ( #1797, #291, #3249, #1904, #1415, #663 ) ) ;
#3290 = EDGE_CURVE ( 'NONE', #503, #3039, #2594, .T. ) ;
#3291 = CARTESIAN_POINT ( 'NONE',  ( -38.18999999999999062, 17.49999999999999645, 42.80000000000001137 ) ) ;
#3292 = ORIENTED_EDGE ( 'NONE', *, *, #1834, .T. ) ;
#3293 = EDGE_CURVE ( 'NONE', #2398, #2656, #1514, .T. ) ;
#3294 = ORIENTED_EDGE ( 'NONE', *, *, #2519, .T. ) ;
#3295 = LINE ( 'NONE', #1730, #929 ) ;
#3296 = PLANE ( 'NONE',  #1703 ) ;
#3297 = ORIENTED_EDGE ( 'NONE', *, *, #1391, .F. ) ;
#3298 = CARTESIAN_POINT ( 'NONE',  ( 33.50000000000000711, 15.00000000000000000, 42.79999999999999716 ) ) ;
#3299 = DIRECTION ( 'NONE',  ( -0.000000000000000000, 1.000000000000000000, -0.000000000000000000 ) ) ;
#3300 = LINE ( 'NONE', #1438, #337 ) ;
#3301 = ORIENTED_EDGE ( 'NONE', *, *, #2215, .T. ) ;
#3302 = CARTESIAN_POINT ( 'NONE',  ( 0.000000000000000000, 17.49999999999999645, 0.000000000000000000 ) ) ;
#3303 = ORIENTED_EDGE ( 'NONE', *, *, #2613, .T. ) ;
#3304 = EDGE_CURVE ( 'NONE', #3070, #2627, #3333, .T. ) ;
#3305 = LINE ( 'NONE', #2081, #3213 ) ;
#3306 = ORIENTED_EDGE ( 'NONE', *, *, #536, .F. ) ;
#3307 = VECTOR ( 'NONE', #187, 1000.000000000000000 ) ;
#3308 = ADVANCED_FACE ( 'NONE', ( #1531 ), #2580, .T. ) ;
#3309 = EDGE_LOOP ( 'NONE', ( #1076, #795, #2446, #1778 ) ) ;
#3310 = CARTESIAN_POINT ( 'NONE',  ( -38.18999999999999773, 17.49999999999999645, 0.000000000000000000 ) ) ;
#3311 = DIRECTION ( 'NONE',  ( 1.000000000000000000, 0.000000000000000000, -1.013273058397667904E-17 ) ) ;
#3312 = EDGE_LOOP ( 'NONE', ( #2086, #1678, #2541, #2973 ) ) ;
#3313 = CARTESIAN_POINT ( 'NONE',  ( 22.06500000000000483, 17.49999999999999645, -33.13021964085587712 ) ) ;
#3314 = DIRECTION ( 'NONE',  ( 0.000000000000000000, 0.000000000000000000, 1.000000000000000000 ) ) ;
#3315 = CARTESIAN_POINT ( 'NONE',  ( 27.77499999999999858, 17.49999999999999645, -34.06999999999998607 ) ) ;
#3316 = ORIENTED_EDGE ( 'NONE', *, *, #784, .T. ) ;
#3317 = AXIS2_PLACEMENT_3D ( 'NONE', #1570, #2617, #2100 ) ;
#3318 = LINE ( 'NONE', #159, #1919 ) ;
#3319 = ORIENTED_EDGE ( 'NONE', *, *, #7, .T. ) ;
#3320 = VECTOR ( 'NONE', #1282, 1000.000000000000000 ) ;
#3321 = CIRCLE ( 'NONE', #1106, 3.750000000000000000 ) ;
#3322 = ORIENTED_EDGE ( 'NONE', *, *, #221, .T. ) ;
#3323 = CIRCLE ( 'NONE', #400, 3.750000000000000000 ) ;
#3324 = ORIENTED_EDGE ( 'NONE', *, *, #1442, .T. ) ;
#3325 = CIRCLE ( 'NONE', #130, 3.750000000000003553 ) ;
#3326 = CARTESIAN_POINT ( 'NONE',  ( 38.18999999999999773, 15.00000000000000000, -42.79999999999998295 ) ) ;
#3327 = CARTESIAN_POINT ( 'NONE',  ( -30.00000000000000000, 15.00000000000000000, -31.05141175381601926 ) ) ;
#3328 = CIRCLE ( 'NONE', #3175, 3.750000000000000000 ) ;
#3329 = ADVANCED_FACE ( 'NONE', ( #1062 ), #788, .F. ) ;
#3330 = ORIENTED_EDGE ( 'NONE', *, *, #719, .T. ) ;
#3331 = CYLINDRICAL_SURFACE ( 'NONE', #295, 3.750000000000003553 ) ;
#3332 = CARTESIAN_POINT ( 'NONE',  ( 30.00000000000000000, 17.49999999999999645, 0.000000000000000000 ) ) ;
#3333 = LINE ( 'NONE', #2829, #374 ) ;
#3334 = ORIENTED_EDGE ( 'NONE', *, *, #1143, .F. ) ;
#3335 = ADVANCED_FACE ( 'NONE', ( #529 ), #3346, .T. ) ;
#3336 = DIRECTION ( 'NONE',  ( 0.000000000000000000, 0.000000000000000000, 1.000000000000000000 ) ) ;
#3337 = ORIENTED_EDGE ( 'NONE', *, *, #2173, .T. ) ;
#3338 = DIRECTION ( 'NONE',  ( 0.000000000000000000, 0.000000000000000000, 1.000000000000000000 ) ) ;
#3339 = ORIENTED_EDGE ( 'NONE', *, *, #321, .F. ) ;
#3340 = ORIENTED_EDGE ( 'NONE', *, *, #214, .T. ) ;
#3341 = FACE_OUTER_BOUND ( 'NONE', #3183, .T. ) ;
#3342 = DIRECTION ( 'NONE',  ( -1.000000000000000000, 0.000000000000000000, 0.000000000000000000 ) ) ;
#3343 = ORIENTED_EDGE ( 'NONE', *, *, #2046, .F. ) ;
#3344 = CARTESIAN_POINT ( 'NONE',  ( 3.888251624603685478E-15, 17.49999999999999645, 42.80000000000000426 ) ) ;
#3345 = LINE ( 'NONE', #1530, #671 ) ;
#3346 = PLANE ( 'NONE',  #2715 ) ;
#3347 = EDGE_CURVE ( 'NONE', #2438, #1925, #1565, .T. ) ;
#3348 = EDGE_CURVE ( 'NONE', #598, #2280, #2679, .T. ) ;
#3349 = DIRECTION ( 'NONE',  ( 0.000000000000000000, 0.000000000000000000, -1.000000000000000000 ) ) ;
#3350 = DIRECTION ( 'NONE',  ( 0.000000000000000000, 1.000000000000000000, 0.000000000000000000 ) ) ;
#3351 = AXIS2_PLACEMENT_3D ( 'NONE', #2096, #1501, #2801 ) ;
#3352 = CARTESIAN_POINT ( 'NONE',  ( 3.888251624603683901E-15, 15.00000000000000000, -42.79999999999999005 ) ) ;
#3353 = VERTEX_POINT ( 'NONE', #824 ) ;
#3354 = ORIENTED_EDGE ( 'NONE', *, *, #2262, .T. ) ;
#3355 = VERTEX_POINT ( 'NONE', #623 ) ;
#3356 = LINE ( 'NONE', #9, #880 ) ;
#3357 = DIRECTION ( 'NONE',  ( -0.000000000000000000, 1.000000000000000000, -0.000000000000000000 ) ) ;
#3358 = AXIS2_PLACEMENT_3D ( 'NONE', #1108, #3180, #1359 ) ;
#3359 = EDGE_LOOP ( 'NONE', ( #1869, #62, #3280, #2454, #2517, #1628, #144, #2378, #631, #813, #3316, #2719, #1809, #2825, #1505, #3306, #1511, #725, #185, #2993, #1233, #998, #3343, #1448, #3161, #687, #2798, #2856, #777, #2803, #2938, #349, #2647, #2366, #2205, #1711, #419, #32, #1226, #1958 ) ) ;
#3360 = CIRCLE ( 'NONE', #211, 3.750000000000003553 ) ;
#3361 = CARTESIAN_POINT ( 'NONE',  ( -22.06499999999999773, 17.49999999999999645, 0.000000000000000000 ) ) ;
#3362 = CARTESIAN_POINT ( 'NONE',  ( -33.49999999999999289, 17.49999999999999645, 32.38337520964459770 ) ) ;
#3363 = DIRECTION ( 'NONE',  ( -0.000000000000000000, 1.000000000000000000, -0.000000000000000000 ) ) ;
#3364 = VECTOR ( 'NONE', #3230, 1000.000000000000000 ) ;
#3365 = DIRECTION ( 'NONE',  ( 0.000000000000000000, 1.000000000000000000, 0.000000000000000000 ) ) ;
#3366 = DIRECTION ( 'NONE',  ( 0.000000000000000000, 0.000000000000000000, 1.000000000000000000 ) ) ;
#3367 = LINE ( 'NONE', #1536, #990 ) ;
#3368 = CARTESIAN_POINT ( 'NONE',  ( 22.06500000000000483, 12.49999999999999645, 33.13021964085587712 ) ) ;
#3369 = ADVANCED_FACE ( 'NONE', ( #2375 ), #312, .F. ) ;
ENDSEC;
END-ISO-10303-21;
